Nome Atleta,Nome Equipe,Nome Campeonato,Modalidade
Illya Mulyarchuk,Team Spirit,The International 2024,Dota 2
Denis Sigitov,Team Spirit,The International 2024,Dota 2
Magomed Khalilov,Team Spirit,The International 2024,Dota 2
Myroslav Kolpakov,Team Spirit,The International 2024,Dota 2
Yaroslav Naidenov,Team Spirit,The International 2024,Dota 2
Oleksandr Dashkevych,Team Spirit,The International 2024,Dota 2
Bogdan Vasilenko,Team Spirit,The International 2024,Dota 2
Andrii Kadyk,Team Spirit,The International 2024,Dota 2
Gleb Lipatnikov,Team Spirit,The International 2024,Dota 2
Artur Kostenko,Team Spirit,The International 2024,Dota 2
Ilya Pivcaev,Team Spirit,The International 2024,Dota 2
Roman Kushnarev,Team Spirit,The International 2024,Dota 2
Bogdan Vasilenko,Team Spirit,The International 2024,Dota 2
Vasily Shishkin,Team Spirit,The International 2024,Dota 2
Andrii Bondarenko,Team Spirit,The International 2024,Dota 2
Artur Kostenko,Team Spirit,The International 2024,Dota 2
Stanislav Glushan,Team Spirit,The International 2024,Dota 2
Bogdan Vasilenko,Team Spirit,The International 2024,Dota 2
Alexander Kucheria,Team Spirit,The International 2024,Dota 2
Artsiom Barshak,Team Spirit,The International 2024,Dota 2
Ivan Skorokhod,Team Spirit,The International 2024,Dota 2
Ilya Pivcaev,Team Spirit,The International 2024,Dota 2
Sergey Bragin,Team Spirit,The International 2024,Dota 2
Alexander Kucheria,Team Spirit,The International 2024,Dota 2
Malthe Winther,Team Spirit,The International 2024,Dota 2
Artsiom Barshak,Team Spirit,The International 2024,Dota 2
Igor Filatov,Team Spirit,The International 2024,Dota 2
Andrii Kadyk,Team Spirit,The International 2024,Dota 2
Ilya Pivcaev,Team Spirit,The International 2024,Dota 2
Sergey Bragin,Team Spirit,The International 2024,Dota 2
Stanislav Glushan,Team Spirit,The International 2024,Dota 2
Fedor Rusikhin,Team Spirit,The International 2024,Dota 2
Ivan Skorokhod,Team Spirit,The International 2024,Dota 2
Oliver Lepko,Team Spirit,The International 2024,Dota 2
Leon Kirilin,Team Spirit,The International 2024,Dota 2
Mikki Mørch Junget,Team Spirit,The International 2024,Dota 2
Malthe Winther,Team Spirit,The International 2024,Dota 2
Artsiom Barshak,Team Spirit,The International 2024,Dota 2
Anton Shkredov,Team Spirit,The International 2024,Dota 2
Vasilii Shishkin,Team Spirit,The International 2024,Dota 2
Igor Filatov,Team Spirit,The International 2024,Dota 2
Yahor Kazlou,Team Spirit,The International 2024,Dota 2
Alexey Vasilyev,Team Spirit,The International 2024,Dota 2
Aleksandr Khmelevskoi,Team Spirit,The International 2024,Dota 2
Mikhail Agatov,Team Spirit,The International 2024,Dota 2
Illya Mulyarchuk,Team Spirit,The International 2024,Dota 2
Alexander Khertek,Team Spirit,The International 2024,Dota 2
Magomed Khalilov,Team Spirit,The International 2024,Dota 2
Myroslav Kolpakov,Team Spirit,The International 2024,Dota 2
Yaroslav Naidenov,Team Spirit,The International 2024,Dota 2
Myroslav Kolpakov,Team Spirit,The International 2024,Dota 2
Vitaly Oshmankevich,Team Spirit,The International 2024,Dota 2
Illya Mulyarchuk,Team Spirit,The International 2024,Dota 2
Alexander Khertek,Team Spirit,The International 2024,Dota 2
Magomed Khalilov,Team Spirit,The International 2024,Dota 2
Myroslav Kolpakov,Team Spirit,The International 2024,Dota 2
Yaroslav Naidenov,Team Spirit,The International 2024,Dota 2
Illya Mulyarchuk,Team Spirit,The International 2024,Dota 2
Denis Sigitov,Team Spirit,The International 2024,Dota 2
Magomed Khalilov,Team Spirit,The International 2024,Dota 2
Myroslav Kolpakov,Team Spirit,The International 2024,Dota 2
Yaroslav Naidenov,Team Spirit,The International 2024,Dota 2
Wang Chunyu,Xtreme Gaming,The International 2024,Dota 2
Guo Hongcheng,Xtreme Gaming,The International 2024,Dota 2
Lin Jing,Xtreme Gaming,The International 2024,Dota 2
Zhao Zixing,Xtreme Gaming,The International 2024,Dota 2
Ding Cong,Xtreme Gaming,The International 2024,Dota 2
Zhang Kaiyue (张凯越),Xtreme Gaming,The International 2024,Dota 2
Cai Di,Xtreme Gaming,The International 2024,Dota 2
Wang Wei,Xtreme Gaming,The International 2024,Dota 2
Wu Fan,Xtreme Gaming,The International 2024,Dota 2
Huang Jiaxing (黄家兴),Xtreme Gaming,The International 2024,Dota 2
Gu Jiajun (顾嘉俊),Xtreme Gaming,The International 2024,Dota 2
He Zhipeng,Xtreme Gaming,The International 2024,Dota 2
Yuan Jiaxin (袁嘉鑫),Xtreme Gaming,The International 2024,Dota 2
Lou Zhen,Xtreme Gaming,The International 2024,Dota 2
Zhang Chengjun,Xtreme Gaming,The International 2024,Dota 2
Ren Yangwei,Xtreme Gaming,The International 2024,Dota 2
Xiong Jiahan,Xtreme Gaming,The International 2024,Dota 2
Ding Cong,Xtreme Gaming,The International 2024,Dota 2
Wang Wenjun,Xtreme Gaming,The International 2024,Dota 2
Sun Runfa,Xtreme Gaming,The International 2024,Dota 2
Daniel Chan Kok Hong,Xtreme Gaming,The International 2024,Dota 2
Guo Hongcheng,Xtreme Gaming,The International 2024,Dota 2
Thiay Jun Wen,Xtreme Gaming,The International 2024,Dota 2
Zhao Zixing,Xtreme Gaming,The International 2024,Dota 2
Ding Cong,Xtreme Gaming,The International 2024,Dota 2
Zhang Chengjun,Xtreme Gaming,The International 2024,Dota 2
Hu Liangzhi,Xtreme Gaming,The International 2024,Dota 2
Xiong Jiahan,Xtreme Gaming,The International 2024,Dota 2
Oliver Lepko,Team Falcons,The International 2024,Dota 2
Stanislav Potorak,Team Falcons,The International 2024,Dota 2
Ammar Al-Assaf,Team Falcons,The International 2024,Dota 2
Andreas Nielsen,Team Falcons,The International 2024,Dota 2
Wu Jingjun,Team Falcons,The International 2024,Dota 2
Michael Vu,Team Liquid,The International 2024,Dota 2
Michał Jankowski,Team Liquid,The International 2024,Dota 2
Neta Shapira,Team Liquid,The International 2024,Dota 2
Samuel Svahn,Team Liquid,The International 2024,Dota 2
Aydin Sarkohi,Team Liquid,The International 2024,Dota 2
Tyler Cook,Team Liquid,The International 2024,Dota 2
Steven Ashworth,Team Liquid,The International 2024,Dota 2
Kanishka Sosale,Team Liquid,The International 2024,Dota 2
Brian Lee,Team Liquid,The International 2024,Dota 2
Michael Ghannam,Team Liquid,The International 2024,Dota 2
Tyler Cook,Team Liquid,The International 2024,Dota 2
Maximilian Bröcker,Team Liquid,The International 2024,Dota 2
Jimmy Ho,Team Liquid,The International 2024,Dota 2
Peter Nguyen,Team Liquid,The International 2024,Dota 2
Kanishka Sosale,Team Liquid,The International 2024,Dota 2
Brian Lee,Team Liquid,The International 2024,Dota 2
Lasse Urpalainen,Team Liquid,The International 2024,Dota 2
Adrian Trinks,Team Liquid,The International 2024,Dota 2
Ivan Ivanov,Team Liquid,The International 2024,Dota 2
Jesse Vainikka,Team Liquid,The International 2024,Dota 2
Kuro Salehi Takhasomi,Team Liquid,The International 2024,Dota 2
Lasse Urpalainen,Team Liquid,The International 2024,Dota 2
Amer Al-Barkawi,Team Liquid,The International 2024,Dota 2
Ivan Ivanov,Team Liquid,The International 2024,Dota 2
Maroun Merhej,Team Liquid,The International 2024,Dota 2
Kuro Salehi Takhasomi,Team Liquid,The International 2024,Dota 2
Kanishka Sosale,Team Liquid,The International 2024,Dota 2
Lasse Urpalainen,Team Liquid,The International 2024,Dota 2
Amer Al-Barkawi,Team Liquid,The International 2024,Dota 2
Ivan Ivanov,Team Liquid,The International 2024,Dota 2
Maroun Merhej,Team Liquid,The International 2024,Dota 2
Kuro Salehi Takhasomi,Team Liquid,The International 2024,Dota 2
Amer Al-Barkawi,Team Liquid,The International 2024,Dota 2
Aliwi Omar,Team Liquid,The International 2024,Dota 2
Ivan Ivanov,Team Liquid,The International 2024,Dota 2
Maroun Merhej,Team Liquid,The International 2024,Dota 2
Kuro Salehi Takhasomi,Team Liquid,The International 2024,Dota 2
Lasse Urpalainen,Team Liquid,The International 2024,Dota 2
Michael Vu,Team Liquid,The International 2024,Dota 2
Maximilian Bröcker,Team Liquid,The International 2024,Dota 2
Samuel Svahn,Team Liquid,The International 2024,Dota 2
Tommy Le,Team Liquid,The International 2024,Dota 2
Aydin Sarkohi,Team Liquid,The International 2024,Dota 2
Sumail Hassan,Team Liquid,The International 2024,Dota 2
Lasse Urpalainen,Team Liquid,The International 2024,Dota 2
Michael Vu,Team Liquid,The International 2024,Dota 2
Ludwig Wåhlberg,Team Liquid,The International 2024,Dota 2
Samuel Svahn,Team Liquid,The International 2024,Dota 2
Aydin Sarkohi,Team Liquid,The International 2024,Dota 2
Michael Vu,Team Liquid,The International 2024,Dota 2
Michał Jankowski,Team Liquid,The International 2024,Dota 2
Ludwig Wåhlberg,Team Liquid,The International 2024,Dota 2
Samuel Svahn,Team Liquid,The International 2024,Dota 2
Aydin Sarkohi,Team Liquid,The International 2024,Dota 2
Anton Shkredov,Gaimin Gladiators,The International 2024,Dota 2
Quinn Callahan,Gaimin Gladiators,The International 2024,Dota 2
Marcus Hoelgaard,Gaimin Gladiators,The International 2024,Dota 2
Erik Engel,Gaimin Gladiators,The International 2024,Dota 2
Melchior Hillenkamp,Gaimin Gladiators,The International 2024,Dota 2
Anton Shkredov,Gaimin Gladiators,The International 2024,Dota 2
Miroslav Bičan,Gaimin Gladiators,The International 2024,Dota 2
Marcus Hoelgaard,Gaimin Gladiators,The International 2024,Dota 2
Erik Engel,Gaimin Gladiators,The International 2024,Dota 2
Melchior Hillenkamp,Gaimin Gladiators,The International 2024,Dota 2
Anton Shkredov,Gaimin Gladiators,The International 2024,Dota 2
Quinn Callahan,Gaimin Gladiators,The International 2024,Dota 2
Marcus Hoelgaard,Gaimin Gladiators,The International 2024,Dota 2
Erik Engel,Gaimin Gladiators,The International 2024,Dota 2
Melchior Hillenkamp,Gaimin Gladiators,The International 2024,Dota 2
Egor Grigorenko,BetBoom Team,The International 2024,Dota 2
Danil Skutin,BetBoom Team,The International 2024,Dota 2
Matvey Vasyunin,BetBoom Team,The International 2024,Dota 2
Vitalie Melnic,BetBoom Team,The International 2024,Dota 2
Alexander Khertek,BetBoom Team,The International 2024,Dota 2
Ivan Moskalenko,BetBoom Team,The International 2024,Dota 2
Nikita Kuzmin,BetBoom Team,The International 2024,Dota 2
Denis Sigitov,BetBoom Team,The International 2024,Dota 2
Evgeniy Ignatenko,BetBoom Team,The International 2024,Dota 2
Vladimir Nikogosian,BetBoom Team,The International 2024,Dota 2
Akbar Butaev,BetBoom Team,The International 2024,Dota 2
Maksim Meretskii,BetBoom Team,The International 2024,Dota 2
Egor Grigorenko,BetBoom Team,The International 2024,Dota 2
Danil Skutin,BetBoom Team,The International 2024,Dota 2
Ivan Moskalenko,BetBoom Team,The International 2024,Dota 2
Vitalie Melnic,BetBoom Team,The International 2024,Dota 2
Alexander Khertek,BetBoom Team,The International 2024,Dota 2
Alimzhan Islambekov,Cloud9,The International 2024,Dota 2
Volodymyr Minenko,Cloud9,The International 2024,Dota 2
Dmitry Dorokhin,Cloud9,The International 2024,Dota 2
Vladislav Semenov,Cloud9,The International 2024,Dota 2
Dzmitry Palishchuk,Cloud9,The International 2024,Dota 2
Jacky Mao,Cloud9,The International 2024,Dota 2
Weh Sing Yuen,Cloud9,The International 2024,Dota 2
Pittner Armand,Cloud9,The International 2024,Dota 2
Kurtis Ling,Cloud9,The International 2024,Dota 2
Johan Åström,Cloud9,The International 2024,Dota 2
Ravindu Kodippili,Cloud9,The International 2024,Dota 2
Braxton Paulson,Cloud9,The International 2024,Dota 2
Arif Anwar,Cloud9,The International 2024,Dota 2
Avery Silverman,Cloud9,The International 2024,Dota 2
Theeban Siva,Cloud9,The International 2024,Dota 2
Chase Stearns,Cloud9,The International 2024,Dota 2
Jacky Mao,Cloud9,The International 2024,Dota 2
Adrian Trinks,Cloud9,The International 2024,Dota 2
Pittner Armand,Cloud9,The International 2024,Dota 2
Johan Sundstein,Cloud9,The International 2024,Dota 2
Rasmus Filipsen,Cloud9,The International 2024,Dota 2
Jacky Mao,Cloud9,The International 2024,Dota 2
Adrian Trinks,Cloud9,The International 2024,Dota 2
Arif Anwar,Cloud9,The International 2024,Dota 2
Kurtis Ling,Cloud9,The International 2024,Dota 2
Johan Åström,Cloud9,The International 2024,Dota 2
Marcus Hoelgaard,Cloud9,The International 2024,Dota 2
Jon Andersen,Cloud9,The International 2024,Dota 2
Mikki Mørch Junget,Cloud9,The International 2024,Dota 2
Danny Mørch Junget,Cloud9,The International 2024,Dota 2
Christoffer Borregaard Winther,Cloud9,The International 2024,Dota 2
Jacky Mao,Cloud9,The International 2024,Dota 2
Marcus Hoelgaard,Cloud9,The International 2024,Dota 2
Jingjun Wu,Cloud9,The International 2024,Dota 2
Rasmus Filipsen,Cloud9,The International 2024,Dota 2
Johan Åström,Cloud9,The International 2024,Dota 2
Andrei Ong,Cloud9,The International 2024,Dota 2
Cheng Jia Hao,Cloud9,The International 2024,Dota 2
Francis Lee,Cloud9,The International 2024,Dota 2
Ivan Moskalenko,Tundra Esports,The International 2024,Dota 2
Topias Taavitsainen,Tundra Esports,The International 2024,Dota 2
Roman Kushnarev,Tundra Esports,The International 2024,Dota 2
Edgar Naltakian,Tundra Esports,The International 2024,Dota 2
Matthew Filemon,Tundra Esports,The International 2024,Dota 2
Martin Sazdov,Tundra Esports,The International 2024,Dota 2
Oliver Lepko,Tundra Esports,The International 2024,Dota 2
Leon Kirilin,Tundra Esports,The International 2024,Dota 2
Neta Shapira,Tundra Esports,The International 2024,Dota 2
Wu Jingjun,Tundra Esports,The International 2024,Dota 2
Adrian Trinks,Tundra Esports,The International 2024,Dota 2
Malthe Winther,Tundra Esports,The International 2024,Dota 2
Oliver Lepko,Tundra Esports,The International 2024,Dota 2
Leon Kirilin,Tundra Esports,The International 2024,Dota 2
Neta Shapira,Tundra Esports,The International 2024,Dota 2
Martin Sazdov,Tundra Esports,The International 2024,Dota 2
Wu Jingjun,Tundra Esports,The International 2024,Dota 2
Adrian Trinks,Tundra Esports,The International 2024,Dota 2
Oliver Lepko,Tundra Esports,The International 2024,Dota 2
Topias Taavitsainen,Tundra Esports,The International 2024,Dota 2
Neta Shapira,Tundra Esports,The International 2024,Dota 2
Leon Kirilin,Tundra Esports,The International 2024,Dota 2
Wu Jingjun,Tundra Esports,The International 2024,Dota 2
Ivan Ivanov,Tundra Esports,The International 2024,Dota 2
Enzo Gianoli,Tundra Esports,The International 2024,Dota 2
Jonathan De Guia,Tundra Esports,The International 2024,Dota 2
Ilyas Gainullin,Tundra Esports,The International 2024,Dota 2
Aleksandr Khmelevskoi,Tundra Esports,The International 2024,Dota 2
Nikita Chepurnykh,1win Team,The International 2024,Dota 2
Ilya Chirtsov,1win Team,The International 2024,Dota 2
Aleksandr Zakharov,1win Team,The International 2024,Dota 2
Georgii Zainalabidov,1win Team,The International 2024,Dota 2
Egor Procurat,1win Team,The International 2024,Dota 2
Yang Shaohan,Team Zero,The International 2024,Dota 2
Huang Heming,Team Zero,The International 2024,Dota 2
Xiang Zhenghong,Team Zero,The International 2024,Dota 2
Remus Goh Zhi Xian,Team Zero,The International 2024,Dota 2
Zhang Ziqiang,Team Zero,The International 2024,Dota 2
Chen Tianyu,Team Zero,The International 2024,Dota 2
Huang Heming,Team Zero,The International 2024,Dota 2
Xiang Zhenghong,Team Zero,The International 2024,Dota 2
Li Peng,Team Zero,The International 2024,Dota 2
Zhang Ziqiang,Team Zero,The International 2024,Dota 2
Du Peng,G2 x iG,The International 2024,Dota 2
Cheng Jin Xiang,G2 x iG,The International 2024,Dota 2
Thiay Jun Wen,G2 x iG,The International 2024,Dota 2
Ye Zhibiao,G2 x iG,The International 2024,Dota 2
Yap Jian Wei,G2 x iG,The International 2024,Dota 2
Eljohn Canonigo Andales,Talon Esports,The International 2024,Dota 2
Rafli Fathur Rahman,Talon Esports,The International 2024,Dota 2
Chung Wei Shen,Talon Esports,The International 2024,Dota 2
Tri Kuncoro,Talon Esports,The International 2024,Dota 2
Pang Sze Xuan,Talon Esports,The International 2024,Dota 2
Nuengnara Teeramahanon,Talon Esports,The International 2024,Dota 2
Rafli Fathur Rahman,Talon Esports,The International 2024,Dota 2
Damien Chok,Talon Esports,The International 2024,Dota 2
Worawit Mekchai,Talon Esports,The International 2024,Dota 2
Brizio Adi Putra Budiana,Talon Esports,The International 2024,Dota 2
Kim Villafuerte,Talon Esports,The International 2024,Dota 2
Tal Aizik,Talon Esports,The International 2024,Dota 2
Nuengnara Teeramahanon,Talon Esports,The International 2024,Dota 2
Rafli Fathur Rahman,Talon Esports,The International 2024,Dota 2
Anucha Jirawong,Talon Esports,The International 2024,Dota 2
Worawit Mekchai,Talon Esports,The International 2024,Dota 2
Chan Chon Kien,Talon Esports,The International 2024,Dota 2
Ng Kee Chyuan,Talon Esports,The International 2024,Dota 2
Nuengnara Teeramahanon,Aurora,The International 2024,Dota 2
Artem Melnick,Aurora,The International 2024,Dota 2
Anucha Jirawong,Aurora,The International 2024,Dota 2
Worawit Mekchai,Aurora,The International 2024,Dota 2
Chan Chon Kien,Aurora,The International 2024,Dota 2
Armel Paul Tabios,Aurora,The International 2024,Dota 2
Yuma Langlet,nouns,The International 2024,Dota 2
Philipp Bühler,nouns,The International 2024,Dota 2
Nicolas Lopez,nouns,The International 2024,Dota 2
Rodrigo Santos,nouns,The International 2024,Dota 2
Tal Aizik,nouns,The International 2024,Dota 2
Guilherme Silva Costábile,nouns,The International 2024,Dota 2
Nicolas Lopez,nouns,The International 2024,Dota 2
David Hull,nouns,The International 2024,Dota 2
Zakari Freedman,nouns,The International 2024,Dota 2
Jacob Fifik,nouns,The International 2024,Dota 2
Héctor Antonio Rodríguez Asto,nouns,The International 2024,Dota 2
Nicolas Lopez,nouns,The International 2024,Dota 2
David Hull,nouns,The International 2024,Dota 2
Rodrigo Santos,nouns,The International 2024,Dota 2
Luke Wang,nouns,The International 2024,Dota 2
Jacob Fifik,nouns,The International 2024,Dota 2
Héctor Antonio Rodríguez Asto,HEROIC,The International 2024,Dota 2
João Giannini,HEROIC,The International 2024,Dota 2
Cedric Deckmyn,HEROIC,The International 2024,Dota 2
Elvis Joel De la Cruz Peña,HEROIC,The International 2024,Dota 2
Matheus Diniz,HEROIC,The International 2024,Dota 2
Yheremi Kerry Paucar Arroyo,beastcoast,The International 2024,Dota 2
Luis Villarreal Yausin,beastcoast,The International 2024,Dota 2
Pablo Angulo,beastcoast,The International 2024,Dota 2
Yelstin Verde Hurtado,beastcoast,The International 2024,Dota 2
Joel Ozambela,beastcoast,The International 2024,Dota 2
Leonardo Santos Viana da Guarda,beastcoast,The International 2024,Dota 2
Eric Dong,beastcoast,The International 2024,Dota 2
Braxton Paulson,beastcoast,The International 2024,Dota 2
Joel Mori Ozambela,beastcoast,The International 2024,Dota 2
Michael Ghannam,beastcoast,The International 2024,Dota 2
Jacky Mao,beastcoast,The International 2024,Dota 2
Timothy Ong,beastcoast,The International 2024,Dota 2
Héctor Antonio Rodríguez Asto,beastcoast,The International 2024,Dota 2
Jean Pierre Gonzales Salazar,beastcoast,The International 2024,Dota 2
Adrián Céspedes Dobles,beastcoast,The International 2024,Dota 2
Elvis Joel De la Cruz Peña,beastcoast,The International 2024,Dota 2
Steven Vargas Mamani,beastcoast,The International 2024,Dota 2
Junior Reyes Rimari,beastcoast,The International 2024,Dota 2
Héctor Antonio Rodríguez Asto,beastcoast,The International 2024,Dota 2
Jean Pierre Gonzales Salazar,beastcoast,The International 2024,Dota 2
Adrián Céspedes Dobles,beastcoast,The International 2024,Dota 2
Elvis Joel De la Cruz Peña,beastcoast,The International 2024,Dota 2
Steven Vargas Mamani,beastcoast,The International 2024,Dota 2
David Nicho Flores,beastcoast,The International 2024,Dota 2
Gonzalo Herrera,beastcoast,The International 2024,Dota 2
Rafael Yonatan,beastcoast,The International 2024,Dota 2
Elvis Joel De la Cruz Peña,beastcoast,The International 2024,Dota 2
Steven Vargas Mamani,beastcoast,The International 2024,Dota 2
Héctor Antonio Rodríguez Asto,beastcoast,The International 2024,Dota 2
Anthony López,beastcoast,The International 2024,Dota 2
Erin Jasper Ferrer,Shopify Rebellion,The International 2024: North America Closed Qualifier,Dota 2
Ivan Ivanov,Shopify Rebellion,The International 2024: North America Closed Qualifier,Dota 2
Rolen Andrei Gabriel Ong,Shopify Rebellion,The International 2024: North America Closed Qualifier,Dota 2
Artour Babaev,Shopify Rebellion,The International 2024: North America Closed Qualifier,Dota 2
Artour Babaev,Shopify Rebellion,The International 2024: North America Closed Qualifier,Dota 2
Abed Yusop,Shopify Rebellion,The International 2024: North America Closed Qualifier,Dota 2
Jonáš Volek,Shopify Rebellion,The International 2024: North America Closed Qualifier,Dota 2
Andreas Nielsen,Shopify Rebellion,The International 2024: North America Closed Qualifier,Dota 2
Tal Aizik,Shopify Rebellion,The International 2024: North America Closed Qualifier,Dota 2
Artour Babaev,Shopify Rebellion,The International 2024: North America Closed Qualifier,Dota 2
Erin Jasper Ferrer,Shopify Rebellion,The International 2024: North America Closed Qualifier,Dota 2
Ivan Ivanov,Shopify Rebellion,The International 2024: North America Closed Qualifier,Dota 2
Kartik Rathi,Shopify Rebellion,The International 2024: North America Closed Qualifier,Dota 2
Rolen Andrei Gabriel Ong,Shopify Rebellion,The International 2024: North America Closed Qualifier,Dota 2
Jonáš Volek,Shopify Rebellion,The International 2024: North America Closed Qualifier,Dota 2
Thiago Cordeiro,Shopify Rebellion,The International 2024: North America Closed Qualifier,Dota 2
Yuma Langlet,nouns,The International 2024: North America Closed Qualifier,Dota 2
Philipp Bühler,nouns,The International 2024: North America Closed Qualifier,Dota 2
Nicolas Lopez,nouns,The International 2024: North America Closed Qualifier,Dota 2
Rodrigo Santos,nouns,The International 2024: North America Closed Qualifier,Dota 2
Tal Aizik,nouns,The International 2024: North America Closed Qualifier,Dota 2
Guilherme Silva Costábile,nouns,The International 2024: North America Closed Qualifier,Dota 2
Nicolas Lopez,nouns,The International 2024: North America Closed Qualifier,Dota 2
David Hull,nouns,The International 2024: North America Closed Qualifier,Dota 2
Zakari Freedman,nouns,The International 2024: North America Closed Qualifier,Dota 2
Jacob Fifik,nouns,The International 2024: North America Closed Qualifier,Dota 2
Héctor Antonio Rodríguez Asto,nouns,The International 2024: North America Closed Qualifier,Dota 2
Nicolas Lopez,nouns,The International 2024: North America Closed Qualifier,Dota 2
David Hull,nouns,The International 2024: North America Closed Qualifier,Dota 2
Rodrigo Santos,nouns,The International 2024: North America Closed Qualifier,Dota 2
Luke Wang,nouns,The International 2024: North America Closed Qualifier,Dota 2
Jacob Fifik,nouns,The International 2024: North America Closed Qualifier,Dota 2
Samuel Anderson,Apex Genesis,The International 2024: North America Closed Qualifier,Dota 2
Irakli Peranidze,Apex Genesis,The International 2024: North America Closed Qualifier,Dota 2
Victor Zuev,Apex Genesis,The International 2024: North America Closed Qualifier,Dota 2
Danil Shekhovtsov,Apex Genesis,The International 2024: North America Closed Qualifier,Dota 2
Luke Wang,Apex Genesis,The International 2024: North America Closed Qualifier,Dota 2
Tamás Kaszás,Apex Genesis,The International 2024: North America Closed Qualifier,Dota 2
Nicholas Martinez-Rossi,Apex Genesis,The International 2024: North America Closed Qualifier,Dota 2
Ionut Musat,Apex Genesis,The International 2024: North America Closed Qualifier,Dota 2
