Link,Modalidade
https://www.flashscore.com.br/equipe/hungria/pd8DnC2s/elenco,handebol
https://www.flashscore.com.br/equipe/conspiradores-de-queretaro/QBkSENHk/elenco,beisebol
https://www.flashscore.com.br/equipe/macedonia-do-norte/lSN16BOP/elenco,handebol
https://www.flashscore.com.br/equipe/halkbank/fuJ9F075/elenco,volei
https://www.flashscore.com.br/equipe/los-angeles-angels/Mg9H0Flh/elenco,beisebol
https://www.flashscore.com.br/equipe/pittsburgh-pirates/tr9K2SqG/elenco,beisebol
https://www.flashscore.com.br/equipe/industria-kielce/C0B1zszf/elenco,handebol
https://www.flashscore.com.br/equipe/kedzierzyn-kozle/n7gpLG2s/elenco,volei
https://www.flashscore.com.br/equipe/sada-cruzeiro/dhVmA0z9/elenco,volei
https://www.flashscore.com.br/equipe/toulouse/rcueYjW3/elenco,handebol
https://www.flashscore.com.br/equipe/bravos-de-margarita/SKpT9z48/elenco,beisebol
https://www.flashscore.com.br/equipe/eua/dSweSEc8/elenco,beisebol
https://www.flashscore.com.br/equipe/camaroes/f7s2KaPE/elenco,volei
https://www.flashscore.com.br/equipe/argentina/SKV6X3Pq/elenco,handebol
https://www.flashscore.com.br/equipe/samsung-lions/O6nTMCG7/elenco,beisebol
https://www.flashscore.com.br/equipe/bravos-de-leon/O6WRs2NC/elenco,beisebol
https://www.flashscore.com.br/equipe/san-francisco-giants/bRZ9b6xj/elenco,beisebol
https://www.flashscore.com.br/equipe/servia/QwWn3Qis/elenco,volei
https://www.flashscore.com.br/equipe/praia-clube/xA5C2PKI/elenco,volei
https://www.flashscore.com.br/equipe/wetzlar/63rDfiKQ/elenco,handebol
https://www.flashscore.com.br/equipe/hiroshima-carp/j3iI2SuU/elenco,beisebol
https://www.flashscore.com.br/equipe/chunichi-dragons/4byX4At5/elenco,beisebol
https://www.flashscore.com.br/equipe/sao-jose-dos-campos/xfxfdEus/elenco,volei
https://www.flashscore.com.br/equipe/belchatow/SMCDQxuK/elenco,volei
https://www.flashscore.com.br/equipe/china/jNjtLwiL/elenco,volei
https://www.flashscore.com.br/equipe/franca/4UUj2p7m/elenco,volei
https://www.flashscore.com.br/equipe/sao-caetano/Uk1I6Tjs/elenco,volei
https://www.flashscore.com.br/equipe/ivry/GAw3WU0G/elenco,handebol
https://www.flashscore.com.br/equipe/kia-tigers/rXhOpG8E/elenco,beisebol
https://www.flashscore.com.br/equipe/kuwait/MsVAWNvj/elenco,handebol
https://www.flashscore.com.br/equipe/canada/lfUBJBCe/elenco,volei
https://www.flashscore.com.br/equipe/morrazo-cangas/lnIZJ2pJ/elenco,handebol
https://www.flashscore.com.br/equipe/minnesota-twins/OjWW1naM/elenco,beisebol
https://www.flashscore.com.br/equipe/cleveland-guardians/4K05MrFG/elenco,beisebol
https://www.flashscore.com.br/equipe/washington-nationals/CE026gRp/elenco,beisebol
https://www.flashscore.com.br/equipe/dunkerque/nTbpx35s/elenco,handebol
https://www.flashscore.com.br/equipe/lg-twins/jglLOYoe/elenco,beisebol
https://www.flashscore.com.br/equipe/eslovenia/bRQQqXZj/elenco,volei
https://www.flashscore.com.br/equipe/st-louis-cardinals/IDVz16ES/elenco,beisebol
https://www.flashscore.com.br/equipe/padova/Kfbd7lGB/elenco,volei
https://www.flashscore.com.br/equipe/barueri/GCmhIjCd/elenco,volei
https://www.flashscore.com.br/equipe/projekt-warszawa/zav73FX6/elenco,volei
https://www.flashscore.com.br/equipe/toros-de-tijuana/bgn6GIT8/elenco,beisebol
https://www.flashscore.com.br/equipe/puebla/Ym0dYWtI/elenco,beisebol
https://www.flashscore.com.br/equipe/dinamo-bucuresti/ALC6umpr/elenco,handebol
https://www.flashscore.com.br/equipe/bluvolei-furb/AHjBHyKq/elenco,volei
https://www.flashscore.com.br/equipe/bergischer/UJnQvkWb/elenco,handebol
https://www.flashscore.com.br/equipe/minas/nFJw8Qkg/elenco,volei
https://www.flashscore.com.br/equipe/ssg-landers/fRfCQfHr/elenco,beisebol
https://www.flashscore.com.br/equipe/bulgaria/00KH24Mg/elenco,volei
https://www.flashscore.com.br/equipe/balingen-w/OKOqkVsl/elenco,handebol
https://www.flashscore.com.br/equipe/colombia/z5A5Ioq8/elenco,beisebol
https://www.flashscore.com.br/equipe/belenenses/0zqW85eN/elenco,handebol
https://www.flashscore.com.br/equipe/brasilia-volei/xMllJWdj/elenco,volei
https://www.flashscore.com.br/equipe/cardenales-lara/YXFT7EYK/elenco,beisebol
https://www.flashscore.com.br/equipe/seibu-lions/rZih28QN/elenco,beisebol
https://www.flashscore.com.br/equipe/kiel/ptjyzCDl/elenco,handebol
https://www.flashscore.com.br/equipe/huesca/ncAe3uYr/elenco,handebol
https://www.flashscore.com.br/equipe/saltillo/xCTrMYda/elenco,beisebol
https://www.flashscore.com.br/equipe/stuttgart/Uuh1RiXn/elenco,handebol
https://www.flashscore.com.br/equipe/madeira-sad/p8K23qJp/elenco,handebol
https://www.flashscore.com.br/equipe/ceske-budejovice/Crdl5TM1/elenco,volei
https://www.flashscore.com.br/equipe/uberlandia-gabarito/jgKi0Llj/elenco,volei
https://www.flashscore.com.br/equipe/benidorm/WAvlJmlK/elenco,handebol
https://www.flashscore.com.br/equipe/trefl-gdansk/Ao2IPdfQ/elenco,volei
https://www.flashscore.com.br/equipe/argentina/6omDbxFe/elenco,volei
https://www.flashscore.com.br/equipe/fukuoka-s-hawks/MJ3q4UeB/elenco,beisebol
https://www.flashscore.com.br/equipe/alemanha/d4sh7Mx3/elenco,volei
https://www.flashscore.com.br/equipe/italia/WOxNzHzR/elenco,volei
https://www.flashscore.com.br/equipe/toronto-blue-jays/zcDLaZ3b/elenco,beisebol
https://www.flashscore.com.br/equipe/franca/WSCmiNN9/elenco,volei
https://www.flashscore.com.br/equipe/jastrzebski/lWD9RIPD/elenco,volei
https://www.flashscore.com.br/equipe/monclova/fc1hZCRB/elenco,beisebol
https://www.flashscore.com.br/equipe/oaxaca/lMmm4DCI/elenco,beisebol
https://www.flashscore.com.br/equipe/barcelona/WfcbnFIB/elenco,handebol
https://www.flashscore.com.br/equipe/miami-marlins/ddxzWOqT/elenco,beisebol
https://www.flashscore.com.br/equipe/nicaragua/Ee99H5bE/elenco,beisebol
https://www.flashscore.com.br/equipe/cabo-verde/dxufZZk2/elenco,handebol
https://www.flashscore.com.br/equipe/volleyball-federation-of-russia/r5FuR14N/elenco,volei
https://www.flashscore.com.br/equipe/quintana-roo/EmZ7hZs6/elenco,beisebol
https://www.flashscore.com.br/equipe/fc-gaia/80ycM883/elenco,handebol
https://www.flashscore.com.br/equipe/sesc-volei-rj/YBFZ86zm/elenco,volei
https://www.flashscore.com.br/equipe/argelia/4Ki2LQnT/elenco,handebol
https://www.flashscore.com.br/equipe/dos-laredos/rDzzOfSn/elenco,beisebol
https://www.flashscore.com.br/equipe/los-angeles-dodgers/nwPDBpVc/elenco,beisebol
https://www.flashscore.com.br/equipe/tours/WGABxZRf/elenco,volei
https://www.flashscore.com.br/equipe/kiwoom-heroes/xjpHPEWl/elenco,beisebol
https://www.flashscore.com.br/equipe/holanda/S4VCKAKf/elenco,beisebol
https://www.flashscore.com.br/equipe/magdeburg/t8qpYkr1/elenco,handebol
https://www.flashscore.com.br/equipe/veracruz/ljyWOzDt/elenco,beisebol
https://www.flashscore.com.br/equipe/new-york-yankees/SrC4LDIT/elenco,beisebol
https://www.flashscore.com.br/equipe/holanda/xQmC3s6a/elenco,volei
https://www.flashscore.com.br/equipe/avanca/vokfoYj8/elenco,handebol
https://www.flashscore.com.br/equipe/piacenza/IXfYN7pB/elenco,volei
https://www.flashscore.com.br/equipe/aalborg/fDQfxPPh/elenco,handebol
https://www.flashscore.com.br/equipe/reino-unido/2iGVi47K/elenco,beisebol
https://www.flashscore.com.br/equipe/yakult-swallows/Qsi8zWQo/elenco,beisebol
https://www.flashscore.com.br/equipe/saturnia-acicastello/h2e6aZ5j/elenco,volei
https://www.flashscore.com.br/equipe/flensburg-h/G6mqiEzL/elenco,handebol
https://www.flashscore.com.br/equipe/san-diego-padres/8poQN9Ud/elenco,beisebol
https://www.flashscore.com.br/equipe/lublin/Kv7iGxys/elenco,volei
https://www.flashscore.com.br/equipe/nantes/UilkyNKm/elenco,handebol
https://www.flashscore.com.br/equipe/irun/C2BvKSOu/elenco,handebol
https://www.flashscore.com.br/equipe/chartres/Wzb3Tz0U/elenco,handebol
https://www.flashscore.com.br/equipe/rzeszow/21Os7cYs/elenco,volei
https://www.flashscore.com.br/equipe/porto-rico/v7R43VK7/elenco,beisebol
https://www.flashscore.com.br/equipe/noruega/KKgb191g/elenco,handebol
https://www.flashscore.com.br/equipe/verona/OdjU5n0U/elenco,volei
https://www.flashscore.com.br/equipe/bulgaria/p8EJiqgc/elenco,volei
https://www.flashscore.com.br/equipe/rk-zagreb/Im3v2h2H/elenco,handebol
https://www.flashscore.com.br/equipe/polonia/EwV50bpq/elenco,volei
https://www.flashscore.com.br/equipe/arcada-galati/nLLqbs85/elenco,volei
https://www.flashscore.com.br/equipe/ach-volley-ljubljana/QHGgYVPI/elenco,volei
https://www.flashscore.com.br/equipe/charros-de-jalisco/Sh2FIAnH/elenco,beisebol
https://www.flashscore.com.br/equipe/povoa/r9hP965g/elenco,handebol
https://www.flashscore.com.br/equipe/atletico-valladolid/tvR9r3Rm/elenco,handebol
https://www.flashscore.com.br/equipe/nc-dinos/O6x8hD4U/elenco,beisebol
https://www.flashscore.com.br/equipe/canada/jc5KOIgE/elenco,volei
https://www.flashscore.com.br/equipe/f-berlin/2JspUjT7/elenco,handebol
https://www.flashscore.com.br/equipe/istres/QPhJtqcQ/elenco,handebol
https://www.flashscore.com.br/equipe/fluminense/fmYWU6nO/elenco,volei
https://www.flashscore.com.br/equipe/austria/MFMpriop/elenco,handebol
https://www.flashscore.com.br/equipe/portugal/W2LEamW5/elenco,handebol
https://www.flashscore.com.br/equipe/vitoria/vNG46QDQ/elenco,handebol
https://www.flashscore.com.br/equipe/slepsk-suwalki/2kggPBWE/elenco,volei
https://www.flashscore.com.br/equipe/republica-checa/6JB1nrVs/elenco,beisebol
https://www.flashscore.com.br/equipe/erlangen/bkLK7LRr/elenco,handebol
https://www.flashscore.com.br/equipe/porto/Y9S5LRQA/elenco,handebol
https://www.flashscore.com.br/equipe/gummersbach/OSrtVWD1/elenco,handebol
https://www.flashscore.com.br/equipe/creteil/W2gFsPsK/elenco,handebol
https://www.flashscore.com.br/equipe/tunisia/YPCctwae/elenco,handebol
https://www.flashscore.com.br/equipe/bedzin/AuaD2g5f/elenco,volei
https://www.flashscore.com.br/equipe/porto-rico/6JpSJoln/elenco,volei
https://www.flashscore.com.br/equipe/espanha/MyYCrJtq/elenco,handebol
https://www.flashscore.com.br/equipe/oakland-athletics/xIYDcQid/elenco,beisebol
https://www.flashscore.com.br/equipe/italia/KYAO21L5/elenco,volei
https://www.flashscore.com.br/equipe/orix-buffaloes/lphNjEdn/elenco,beisebol
https://www.flashscore.com.br/equipe/caliente-de-durango/AsrxsvCP/elenco,beisebol
https://www.flashscore.com.br/equipe/ademar/KCVslyla/elenco,handebol
https://www.flashscore.com.br/equipe/canada/8dIZ5DLr/elenco,beisebol
https://www.flashscore.com.br/equipe/montpellier/Qopo6dYu/elenco,handebol
https://www.flashscore.com.br/equipe/alemanha/4doomaYR/elenco,handebol
https://www.flashscore.com.br/equipe/turquia/QZT8lL7S/elenco,volei
https://www.flashscore.com.br/equipe/lowen/Ctq9eX4K/elenco,handebol
https://www.flashscore.com.br/equipe/pinheiros/foG7355C/elenco,volei
https://www.flashscore.com.br/equipe/chicago-white-sox/SW9D1eZo/elenco,beisebol
https://www.flashscore.com.br/equipe/mexico/ptt8Lj5l/elenco,beisebol
https://www.flashscore.com.br/equipe/olsztyn/pAof6Hml/elenco,volei
https://www.flashscore.com.br/equipe/brasil/46lUNu72/elenco,volei
https://www.flashscore.com.br/equipe/tremblay/hCfBr5SD/elenco,handebol
https://www.flashscore.com.br/equipe/republica-dominicana/tAGs4ije/elenco,beisebol
https://www.flashscore.com.br/equipe/yomiuri-giants/WpwP6WBh/elenco,beisebol
https://www.flashscore.com.br/equipe/mexico/xOK7A1ws/elenco,volei
https://www.flashscore.com.br/equipe/usa/zmqYSe9a/elenco,handebol
https://www.flashscore.com.br/equipe/brasil/KbzAgon3/elenco,handebol
https://www.flashscore.com.br/equipe/cuba/t8y6fRWd/elenco,handebol
https://www.flashscore.com.br/equipe/limoges/hpaaUGpO/elenco,handebol
https://www.flashscore.com.br/equipe/arizona-diamondbacks/8bP2bXmH/elenco,beisebol
https://www.flashscore.com.br/equipe/franca/SMxx6032/elenco,handebol
https://www.flashscore.com.br/equipe/taranto/CGTMvJJt/elenco,volei
https://www.flashscore.com.br/equipe/volei-renata/QqMi2DVn/elenco,volei
https://www.flashscore.com.br/equipe/dinamarca/dfQPuHQ1/elenco,handebol
https://www.flashscore.com.br/equipe/kolstad/rTWbl2mC/elenco,handebol
https://www.flashscore.com.br/equipe/safety-perugia/EJS1lfOD/elenco,volei
https://www.flashscore.com.br/equipe/atlanta-braves/0UPxbDYA/elenco,beisebol
https://www.flashscore.com.br/equipe/cuprum/K4CJzoda/elenco,volei
https://www.flashscore.com.br/equipe/kt-wiz-suwon/444SNVEe/elenco,beisebol
https://www.flashscore.com.br/equipe/republica-checa/MmOYmuJL/elenco,handebol
https://www.flashscore.com.br/equipe/houston-astros/lfZXonNq/elenco,beisebol
https://www.flashscore.com.br/equipe/melsungen/zVrlX9c7/elenco,handebol
https://www.flashscore.com.br/equipe/sesi/dxBuFAus/elenco,volei
https://www.flashscore.com.br/equipe/new-york-mets/I5wWW4UM/elenco,beisebol
https://www.flashscore.com.br/equipe/cesson-rennes/zqEVKrVC/elenco,handebol
https://www.flashscore.com.br/equipe/panama/0GS04B51/elenco,beisebol
https://www.flashscore.com.br/equipe/telekom-veszprem/hGjN3EX4/elenco,handebol
https://www.flashscore.com.br/equipe/leipzig/WzslPEBG/elenco,handebol
https://www.flashscore.com.br/equipe/scc-berlin/nekXvmpb/elenco,volei
https://www.flashscore.com.br/equipe/nimes/GfeKU8VS/elenco,handebol
https://www.flashscore.com.br/equipe/mexico/SCni3XRO/elenco,beisebol
https://www.flashscore.com.br/equipe/caribes/U31a2hdr/elenco,beisebol
https://www.flashscore.com.br/equipe/philadelphia-phillies/QTNHA4p4/elenco,beisebol
https://www.flashscore.com.br/equipe/chambery-savoie/I3snQSwp/elenco,handebol
https://www.flashscore.com.br/equipe/luneburg/8pWgkzcP/elenco,volei
https://www.flashscore.com.br/equipe/minas-tenis-clube/byQlmwTe/elenco,volei
https://www.flashscore.com.br/equipe/campeche/UFg5WABU/elenco,beisebol
https://www.flashscore.com.br/equipe/islandia/vJ7HoWHm/elenco,handebol
https://www.flashscore.com.br/equipe/abc-braga/bBO623Yj/elenco,handebol
https://www.flashscore.com.br/equipe/lemgo/S4utZVSf/elenco,handebol
https://www.flashscore.com.br/equipe/lube-civitanova/hxtqRVVu/elenco,volei
https://www.flashscore.com.br/equipe/eua/nmZgEFb1/elenco,volei
https://www.flashscore.com.br/equipe/roeselare/IVLyj26M/elenco,volei
https://www.flashscore.com.br/equipe/qatar/Aivudh3F/elenco,handebol
https://www.flashscore.com.br/equipe/la-rioja/Ycb3Fk1T/elenco,handebol
https://www.flashscore.com.br/equipe/navegantes-magallanes/xEMObAe7/elenco,beisebol
https://www.flashscore.com.br/equipe/osasco/lvv3ESCP/elenco,volei
https://www.flashscore.com.br/equipe/suecia/bq0EGSVh/elenco,handebol
https://www.flashscore.com.br/equipe/kansas-city-royals/IL2QbgJ4/elenco,beisebol
https://www.flashscore.com.br/equipe/bahrain/QwQxW3Gb/elenco,handebol
https://www.flashscore.com.br/equipe/cuba/2JHw5Xzk/elenco,beisebol
https://www.flashscore.com.br/equipe/sesi-bauru/SELUn2N2/elenco,volei
https://www.flashscore.com.br/equipe/apan-blumenau/zT9qEUfm/elenco,volei
https://www.flashscore.com.br/equipe/aguas-santas/GIkIKotH/elenco,handebol
https://www.flashscore.com.br/equipe/norwid-czestochowa/EuwcJPKB/elenco,volei
https://www.flashscore.com.br/equipe/republica-dominicana/d2lhyw6E/elenco,volei
https://www.flashscore.com.br/equipe/japao/YotoKc6R/elenco,volei
https://www.flashscore.com.br/equipe/sinfin/zcIH05OH/elenco,handebol
https://www.flashscore.com.br/equipe/tampa-bay-rays/GCHgI4hp/elenco,beisebol
https://www.flashscore.com.br/equipe/italia/IcKfoAn0/elenco,handebol
https://www.flashscore.com.br/equipe/benfica/0QqJdHDe/elenco,volei
https://www.flashscore.com.br/equipe/laguna/fmvvNEsg/elenco,beisebol
https://www.flashscore.com.br/equipe/pays-d-aix/z5j5rp2c/elenco,handebol
https://www.flashscore.com.br/equipe/nippon-ham-fighters/AyxT5jRb/elenco,beisebol
https://www.flashscore.com.br/equipe/torrelavega/AmUsJnvn/elenco,handebol
https://www.flashscore.com.br/equipe/maaseik/2mFkvMLS/elenco,volei
https://www.flashscore.com.br/equipe/baltimore-orioles/EcZwBi3N/elenco,beisebol
https://www.flashscore.com.br/equipe/modena/6upmQkon/elenco,volei
https://www.flashscore.com.br/equipe/tiburones-de-la-guaira/UmJG0WQf/elenco,beisebol
https://www.flashscore.com.br/equipe/holanda/xd4g2knm/elenco,handebol
https://www.flashscore.com.br/equipe/brasil/hYwJycLK/elenco,volei
https://www.flashscore.com.br/equipe/hanshin-tigers/4rgl3lBH/elenco,beisebol
https://www.flashscore.com.br/equipe/wisla-plock/zPDZ2YnB/elenco,handebol
https://www.flashscore.com.br/equipe/benfica-lisboa/xrZdNmdb/elenco,handebol
https://www.flashscore.com.br/equipe/china/vDjLFHEr/elenco,volei
https://www.flashscore.com.br/equipe/eurofarm-pelister/xCZCiVLU/elenco,handebol
https://www.flashscore.com.br/equipe/hamburger/2XSOzhbr/elenco,handebol
https://www.flashscore.com.br/equipe/anaitasuna/vXnpj7Tn/elenco,handebol
https://www.flashscore.com.br/equipe/trentino/CffxNRaH/elenco,volei
https://www.flashscore.com.br/equipe/zawiercie/WhuLLKZT/elenco,volei
https://www.flashscore.com.br/equipe/stal-nysa/GfM28pgE/elenco,volei
https://www.flashscore.com.br/equipe/olympiakos/p84AgERs/elenco,volei
https://www.flashscore.com.br/equipe/gks-katowice/OrId89Ge/elenco,volei
https://www.flashscore.com.br/equipe/ucrania/fqBb7cj8/elenco,volei
https://www.flashscore.com.br/equipe/ziraat-bankasi/j7Id0yFb/elenco,volei
https://www.flashscore.com.br/equipe/guine/KCdwv2xL/elenco,handebol
https://www.flashscore.com.br/equipe/cuenca/2eXnXxE0/elenco,handebol
https://www.flashscore.com.br/equipe/puente-genil/rNLPbqgU/elenco,handebol
https://www.flashscore.com.br/equipe/tabasco/GCk1XjdO/elenco,beisebol
https://www.flashscore.com.br/equipe/japao/vuZGJUZ0/elenco,beisebol
https://www.flashscore.com.br/equipe/seattle-mariners/txYPhSac/elenco,beisebol
https://www.flashscore.com.br/equipe/boston-red-sox/zaXTinF3/elenco,beisebol
https://www.flashscore.com.br/equipe/joinville/lSPIzHQL/elenco,volei
https://www.flashscore.com.br/equipe/vk-lvi-prague/lQ8hRNM8/elenco,volei
https://www.flashscore.com.br/equipe/iran/fkIY5Mu9/elenco,volei
https://www.flashscore.com.br/equipe/alemanha/YczsaMLI/elenco,volei
https://www.flashscore.com.br/equipe/puerto-sagunto/j5mOG7n3/elenco,handebol
https://www.flashscore.com.br/equipe/china-taipei/WpW7PCsR/elenco,beisebol
https://www.flashscore.com.br/equipe/szeged/pnic3fIb/elenco,handebol
https://www.flashscore.com.br/equipe/egipto/Ue2OtcE1/elenco,handebol
https://www.flashscore.com.br/equipe/holanda/IJV0507F/elenco,volei
https://www.flashscore.com.br/equipe/araguari/UBvJOjmK/elenco,volei
https://www.flashscore.com.br/equipe/japao/rsypKNV4/elenco,handebol
https://www.flashscore.com.br/equipe/doosan-bears/pGmPNh11/elenco,beisebol
https://www.flashscore.com.br/equipe/fredericia/EVvlYKgU/elenco,handebol
https://www.flashscore.com.br/equipe/st-raphael/YV5FVlGM/elenco,handebol
https://www.flashscore.com.br/equipe/sporting-lisboa/002GWQdq/elenco,handebol
https://www.flashscore.com.br/equipe/tailandia/dpagYtgn/elenco,volei
https://www.flashscore.com.br/equipe/australia/h2RcNuiG/elenco,beisebol
https://www.flashscore.com.br/equipe/coreia-do-sul/jVQWk3p5/elenco,volei
https://www.flashscore.com.br/equipe/servia/WCU4k1hM/elenco,volei
https://www.flashscore.com.br/equipe/guaguas-las-palmas/AcdnrwnO/elenco,volei
https://www.flashscore.com.br/equipe/goppingen/SdgFUCbe/elenco,handebol
https://www.flashscore.com.br/equipe/chihuahua/WOq3gFSa/elenco,beisebol
https://www.flashscore.com.br/equipe/italia/Y1YKIlk7/elenco,beisebol
https://www.flashscore.com.br/equipe/aragua/8vIKajt1/elenco,beisebol
https://www.flashscore.com.br/equipe/venezuela/AVsaRYCE/elenco,beisebol
https://www.flashscore.com.br/equipe/japao/xKnxMJyF/elenco,volei
https://www.flashscore.com.br/equipe/chicago-cubs/j7ZnBQFi/elenco,beisebol
https://www.flashscore.com.br/equipe/hanwha-eagles/4tfKodg8/elenco,beisebol
https://www.flashscore.com.br/equipe/rieleros-de-aguascalientes/OCJ8QddL/elenco,beisebol
https://www.flashscore.com.br/equipe/colorado-rockies/naYhNOaA/elenco,beisebol
https://www.flashscore.com.br/equipe/lotte-giants/pGw4ggkO/elenco,beisebol
https://www.flashscore.com.br/equipe/cisterna/A7seqaBP/elenco,volei
https://www.flashscore.com.br/equipe/barkom/jm1YCctT/elenco,volei
https://www.flashscore.com.br/equipe/israel/4tfBfri1/elenco,beisebol
https://www.flashscore.com.br/equipe/paris/MmvaXAoA/elenco,handebol
https://www.flashscore.com.br/equipe/zulia/AaYxoiR7/elenco,beisebol
https://www.flashscore.com.br/equipe/polonia/xtMA0TGa/elenco,handebol
https://www.flashscore.com.br/equipe/granollers/f7aaGVoN/elenco,handebol
https://www.flashscore.com.br/equipe/suica/xUB5Il1t/elenco,handebol
https://www.flashscore.com.br/equipe/guarulhos/0pxnGFZT/elenco,volei
https://www.flashscore.com.br/equipe/detroit-tigers/0QIlt8pi/elenco,beisebol
https://www.flashscore.com.br/equipe/milwaukee-brewers/CGzqC60o/elenco,beisebol
https://www.flashscore.com.br/equipe/eisenach/84bHtB1n/elenco,handebol
https://www.flashscore.com.br/equipe/cincinnati-reds/EkWXj6U9/elenco,beisebol
https://www.flashscore.com.br/equipe/turquia/niNMpDKp/elenco,volei
https://www.flashscore.com.br/equipe/vitoria-de-guimaraes/QyZw5wB6/elenco,handebol
https://www.flashscore.com.br/equipe/suzano-volei/p298ASFI/elenco,volei
https://www.flashscore.com.br/equipe/china/hfX3QhSK/elenco,beisebol
https://www.flashscore.com.br/equipe/monza/vgreOTFb/elenco,volei
https://www.flashscore.com.br/equipe/tunisia/AVwZcbmk/elenco,volei
https://www.flashscore.com.br/equipe/leones-del-caracas/nPTB1CBl/elenco,beisebol
https://www.flashscore.com.br/equipe/america-volei-montes-claros/KWHIemuJ/elenco,volei
https://www.flashscore.com.br/equipe/yokohama-baystars/AggJifst/elenco,beisebol
https://www.flashscore.com.br/equipe/nava/b3TMfaJI/elenco,handebol
https://www.flashscore.com.br/equipe/egipto/djx3cxI1/elenco,volei
https://www.flashscore.com.br/equipe/cuba/4OqkFeqe/elenco,volei
https://www.flashscore.com.br/equipe/burgdorf/zgo3Dvli/elenco,handebol
https://www.flashscore.com.br/equipe/polonia/r3l84Njg/elenco,volei
https://www.flashscore.com.br/equipe/eslovenia/pG8mboGO/elenco,handebol
https://www.flashscore.com.br/equipe/rakuten-gold-eagles/OS9BZkth/elenco,beisebol
https://www.flashscore.com.br/equipe/milano/2qsyTQW9/elenco,volei
https://www.flashscore.com.br/equipe/chiba-lotte-marines/KKlHBnlo/elenco,beisebol
https://www.flashscore.com.br/equipe/qatar/romKbV6b/elenco,volei
https://www.flashscore.com.br/equipe/coreia-do-sul/2XIeMWkr/elenco,beisebol
https://www.flashscore.com.br/equipe/unilife-maringa/WAMGEOGN/elenco,volei
https://www.flashscore.com.br/equipe/monterrey/lGMjfeDg/elenco,beisebol
https://www.flashscore.com.br/equipe/texas-rangers/f3GcHO7j/elenco,beisebol
https://www.flashscore.com.br/equipe/croacia/OjDBl1l9/elenco,handebol
https://www.flashscore.com.br/equipe/eua/QXpoGyUl/elenco,volei
https://www.flashscore.com.br/equipe/yucatan/SjwCigcC/elenco,beisebol
https://www.flashscore.com.br/equipe/chile/QkbdJsoB/elenco,handebol
