Nome,Modalidade
Birgander Simon,basketball
Diagne Moussa,basketball
Flores Fabian,basketball
Todorovic Marko,basketball
Caupain Troy,basketball
Ennis Dylan,basketball
Falk Wilhelm,basketball
Hakanson Ludde,basketball
Kurucs Arturs,basketball
Radebaugh Johan,basketball
Jelinek David,basketball
Kurucs Rodions,basketball
Morin Yannis,basketball
Radovic Nemanja,basketball
Sant-Roos Howard,basketball
Sleva Dustin,basketball
Alonso Sito,basketball
Ayton Deandre,basketball
Burrows Jaraun,basketball
Albury Deyton,basketball
Edgecombe Jr. Valdez,basketball
Gordon Eric,basketball
Hield Buddy,basketball
Miller Franco,basketball
Nairn Lourawls,basketball
Freeman Donavan,basketball
Hunter Samuel,basketball
Miller Tavario,basketball
Munnings Travis,basketball
Smith Kentwan,basketball
DeMarco Chris,basketball
Reece Camron,basketball
Wohlfarth-Bottermann Jonas,basketball
Alegbe Al-Fayed,basketball
Brauner Nico,basketball
Hinrichs Seth,basketball
Hughes Mark,basketball
Krause Niklas,basketball
Moller Leif,basketball
Christmas Francis,basketball
Dziewa Alexander,basketball
Hoffmann Linus,basketball
King Vincent Earl,basketball
Meisner Lukas,basketball
Wimberg Jan,basketball
Barloschky Benka,basketball
Borovnjak Sasa,basketball
Enrico,basketball
Fidelis Moda Jao Victor,basketball
Scheuer Paulo,basketball
Borges Adyel,basketball
De Oliveira Jimmy,basketball
Faria Tiago,basketball
Guilherme,basketball
Ruivo Felipe,basketball
Fachin Luiggi,basketball
de Melo Santos Agapy Samoel,basketball
Pelosini David,basketball
Happ Ethan,basketball
Lammers Ben,basketball
Shurna John,basketball
Albicy Andrew,basketball
Alocen Carlos,basketball
Bassas Ferran,basketball
Gegic Amar,basketball
Kljajic Jovan,basketball
Brussino Nicolas,basketball
Landesberg Sylven,basketball
Lopez Ruben,basketball
Pelos Pierre,basketball
Prkacin Roko,basketball
Salvo Miquel,basketball
Urbaniak Filip,basketball
Lakovic Jaka,basketball
Cate Emanuel,basketball
Uta Rares,basketball
Dinu Codrut Alexander,basketball
Richard Patrick,basketball
Somacescu Tudor,basketball
Tohatan Lucas Dan,basketball
Diculescu Dragos Andrei,basketball
Girbea Tudor,basketball
Grasu Stefan,basketball
Kuti Nandor,basketball
Maciuca Mihai,basketball
Nicolescu Bogdan,basketball
Gorka Mickey,basketball
Silvasan Mihai,basketball
Kohn Philipp,futebol
Lienard Yann,futebol
Babai Nazim,futebol
Bery Jules,futebol
Caio,futebol
Cartillier Antonin,futebol
El Maach Fouad,futebol
Jakobs Ismail,futebol
Kehrer Thilo,futebol
Maripan Guillermo,futebol
Matsima Chrislain,futebol
Ouattara Kassoum,futebol
Platret Aurelien,futebol
Salisu Mohammed,futebol
Singo Wilfried,futebol
Valme Ritchy,futebol
Vanderson,futebol
Varela Jordan,futebol
Akliouche Maghnes,futebol
Bamba Mohamed,futebol
Ben Seghir Eliesse,futebol
Benama Mayssam,futebol
Camara Mohamed,futebol
Coulibaly Mamadou,futebol
Diop Edan,futebol
Golovin Aleksandr,futebol
Lemarechal Felix,futebol
Magassa Soungoutou,futebol
Matazo Eliot,futebol
Sow Abdoulaye,futebol
Zakaria Denis,futebol
Baglieri Enzo,futebol
Balogun Folarin,futebol
Boadu Myron,futebol
Bouabre Saimon,futebol
Decarpentrie Valentin,futebol
Diatta Krepin,futebol
Embolo Breel,futebol
Etonde Romaric,futebol
Michal Lucas,futebol
Minamino Takumi,futebol
Hutter Adi,futebol
Seck Fadilou,basketball
Bartley Frank,basketball
Laquintana Tommaso,basketball
Malaventura Niccolo,basketball
Morris Jamel,basketball
Washington Eric,basketball
Bayehe Jordan,basketball
Johnson JaJuan,basketball
Laszewski Nate,basketball
Lombardi Eric,basketball
Riismaa Joonas,basketball
Smith Andrew,basketball
Sneed Xavier,basketball
Sakota Dragan,basketball
Gamble Julian,basketball
Nunge Jack,basketball
Blakes Gerry,basketball
Gentile Alessandro,basketball
Henry Sek,basketball
Logan David,basketball
Mouaha Aristide,basketball
Robinson Gerald,basketball
Rossato Riccardo,basketball
Pini Giovanni,basketball
Pinkins Kruize,basketball
Boniciolli Matteo,basketball
Balvin Ondrej,basketball
Agada Caleb,basketball
Clavell Gian,basketball
Lukashov Denys,basketball
Lypovyy Oleksandr,basketball
Sanon Yusuf,basketball
Sydorov Illia,basketball
Tkachenko Ivan,basketball
Bobrov Vyacheslav,basketball
March Ronald,basketball
Ginzburg Ronen,basketball
Maciel Matheus,basketball
Brite Dontrell,basketball
Cabrera Martin Andres,basketball
Gustavo,basketball
Sacco Gemadinha,basketball
Taylor Larry,basketball
Garcia Alex,basketball
Hollowell Jeremy,basketball
Mendonça Pedro,basketball
Rodrigues Anderson,basketball
Guerra Jorge,basketball
Martins Paulo Cezar,basketball
Juarez Alen,basketball
Lopez Adolfo,basketball
Lopez Nestor,basketball
Martinez Jorge Dario,basketball
Ochipinti Vincenzo,basketball
Riveros Edgar,basketball
Bareiro Diego,basketball
Benitez Franco,basketball
Fabrizio Fabrizzio,basketball
Mercado Rodney,basketball
Peralta Alejandro,basketball
Sequera Jorge,basketball
Cano Alberto,basketball
Viveros Christian,basketball
Grandi Matteo,futebol
Joronen Jesse,futebol
Oliveira Bertinato Bruno,futebol
Slowikowski Eryk,futebol
Altare Giorgio,futebol
Baudouin Noah,futebol
Busato Lorenzo,futebol
Candela Antonio,futebol
Idzes Jay,futebol
Sverko Marin,futebol
Zampano Francesco,futebol
Andersen Magnus Kofod,futebol
Bjarkason Bjarki,futebol
Busio Gianluca,futebol
Doumbia Issa,futebol
Ellertsson Mikael Egill,futebol
Fiordilino Luca,futebol
Jajalo Mato,futebol
Lella Nunzio,futebol
Oristanio Gaetano,futebol
Tavernaro Federico,futebol
Tessmann Tanner,futebol
Ascione Simone,futebol
Gytkjaer Christian,futebol
Novakovich Andrija,futebol
Pierini Nicholas,futebol
Pohjanpalo Joel,futebol
Di Francesco Eusebio,futebol
Bianca,basketball
Bárbara,basketball
Lo Milton,basketball
Débora,basketball
Natalia,basketball
Thaissa,basketball
Clara,basketball
Gabi,basketball
Marquez Ivaney,basketball
Sena,basketball
Stefane,basketball
Cesamar Fernandes,basketball
Arquidally,basketball
Carlos Junior,basketball
Finao,basketball
Lucas Lopes,basketball
Nunes,basketball
Brito de Campos Lucas,basketball
Luquinha,basketball
Pará,basketball
Batata,basketball
Castello,basketball
Luis Knabben,basketball
Marcus Fernando,basketball
Durval Cunha,basketball
Icaro Alves,basketball
Santos De Souza Pedro Henrique,basketball
Calmon,basketball
Edu Mariano,basketball
Gabriel Mariano,basketball
Jones Brian,basketball
Lucas Reis,basketball
Muller Lucas,basketball
Vitinho,basketball
Augusto Esdras,basketball
Deilson Filho,basketball
Guiga,basketball
João Henrique,basketball
Kaleo Barbosa,basketball
Marcelo Roque,basketball
Pedro Henrique,basketball
Amon Moreira,basketball
Mariano Edu,basketball
Trindade Edmário,basketball
Diop Ilmane,basketball
Guerra Fran,basketball
Sangare Mohammed,basketball
Shermadini Giorgi,basketball
Fernandez Jaime,basketball
Fernandez Trujillo Diego,basketball
Fitipaldo Bruno,basketball
Guy Kyle,basketball
Huertas Marcelo,basketball
Lopez Alex,basketball
Salin Sasu,basketball
Sastre Joan,basketball
Abromaitis Tim,basketball
Doornekamp Aaron,basketball
Riga Louis,basketball
Stevic Oliver,basketball
Vicedo Edgar,basketball
Vidorreta Txus,basketball
Miletic Dusan,basketball
Parakhouski Artsiom,basketball
Golebiowski Daniel,basketball
Gravett Hassani,basketball
Klassen Marek,basketball
Kolenda Lukasz,basketball
Wisniewski Alexander,basketball
Zebski Mateusz,basketball
Adamczak Mikolaj,basketball
Kulvietis Saulius,basketball
Niziol Filip,basketball
Nunez Angel,basketball
Sitnik Michal,basketball
Voinalovych Andrii,basketball
Rajkovic Miodrag,basketball
Winnicki Jacek,basketball
Missi Yves,basketball
Valanciunas Jonas,basketball
Zeller Cody,basketball
Alvarado Jose,basketball
Brockington Izaiah,basketball
Crutcher Jalen,basketball
Daniels Dyson,basketball
Hawkins Jordan,basketball
Hill Malcolm,basketball
Jones Herbert,basketball
McCollum C.J.,basketball
Murray Dejounte,basketball
Seabron Dereon,basketball
Ingram Brandon,basketball
Liddell EJ,basketball
Marshall Naji,basketball
Murphy Trey,basketball
Nance Larry,basketball
Oduro Josh,basketball
Reeves Antonio,basketball
Robinson Jeremiah,basketball
Ryan Matt,basketball
Williamson Zion,basketball
Green Willie,basketball
Biligha Paul Stephan,basketball
Ellis Quinn,basketball
Forray Andres,basketball
Hubb Prentiss,basketball
Mooney Matt,basketball
Niang Saliou,basketball
Alviti Davide,basketball
Conti Luca,basketball
Cooke Jr. Derek,basketball
Diarra Mahmadou,basketball
Grazulis Andrejs,basketball
Hommes Daulton,basketball
Udom Mattia,basketball
Galbiati Paolo,basketball
Maignan Mike,futebol
Mirante Antonio,futebol
Nava Lapo,futebol
Raveyre Noah,futebol
Sportiello Marco,futebol
Torriani Lorenzo,futebol
Bartesaghi Davide,futebol
Calabria Davide,futebol
Dutu Matteo,futebol
Florenzi Alessandro,futebol
Gabbia Matteo,futebol
Hernandez Theo,futebol
Jimenez Alejandro,futebol
Kalulu Pierre,futebol
Minotti Gabriele,futebol
Pellegrino Marco,futebol
Simic Jan-Carlo,futebol
Thiaw Malick,futebol
Tomori Fikayo,futebol
Adli Yacine,futebol
Bennacer Ismael,futebol
Eletu Victor Ehuwa,futebol
Loftus-Cheek Ruben,futebol
Maldini Daniel,futebol
Musah Yunus,futebol
Pobega Tommaso,futebol
Reijnders Tijjani,futebol
Sandri Mattia,futebol
Terracciano Filippo,futebol
Zeroli Kevin,futebol
Chukwueze Samuel,futebol
Colombo Lorenzo,futebol
Fall Mbarick,futebol
Giroud Olivier,futebol
Jovic Luka,futebol
Leao Rafael,futebol
Okafor Noah,futebol
Pulisic Christian,futebol
Romero Luka,futebol
Saelemaekers Alexis,futebol
Sia Diego,futebol
Traore Chaka,futebol
Fonseca Paulo,futebol
Daffara Giovanni,futebol
Di Gregorio Michele,futebol
Perin Mattia,futebol
Pinsoglio Carlo,futebol
Scaglia Simone,futebol
Szczesny Wojciech,futebol
Bremer,futebol
Cambiaso Andrea,futebol
Danilo,futebol
De Sciglio Mattia,futebol
Djalo Tiago,futebol
Gatti Federico,futebol
Rugani Daniele,futebol
Douglas Luiz,futebol
Fagioli Nicolo,futebol
Hasa Luis,futebol
Kostic Filip,futebol
Locatelli Manuel,futebol
McKennie Weston,futebol
Miretti Fabio,futebol
Nicolussi Caviglia Hans,futebol
Nonge Boende Joseph,futebol
Thuram Khephren,futebol
Weah Timothy,futebol
Cerri Leonardo,futebol
Chiesa Federico,futebol
Milik Arkadiusz,futebol
Sekulov Nikola,futebol
Soule Matias,futebol
Vlahovic Dusan,futebol
Yildiz Kenan,futebol
Motta Thiago,futebol
Ansaloni Ralfi,basketball
Bennett Cordero,basketball
Betinho,basketball
Coelho Henrique,basketball
Fischer Ricardo,basketball
Gonçalves Calebe,basketball
Miller Malcolm,basketball
Nunes Thiago,basketball
Curnell Tyrone,basketball
Faverani Vitor,basketball
Igor Andrade,basketball
Miguel,basketball
Nique,basketball
Mortari Bruno César,basketball
Maric Marin,basketball
dos Anjos Felipe,basketball
Borg Tobias,basketball
Harding Jerrick,basketball
Luz Rafael,basketball
Montero Jean,basketball
Somogyi Adam,basketball
Andric Mihajlo,basketball
Llovet Nacho,basketball
Madsen Alexander,basketball
Okoye Stan,basketball
Perez Tyson,basketball
Rubio Juan,basketball
Lezkano Natxo,basketball
de Almeida Joao Paulo,basketball
Hinkle Charles,basketball
Jackson David,basketball
Machini Costa João Paulo,basketball
Vinicius Flores,basketball
Zu Junior,basketball
Dias Lucas,basketball
Dos Santos Jhonatan,basketball
Fernandes Nathan,basketball
Marília Edu,basketball
Márcio,basketball
Garcia Hélio,basketball
Yago Rodrigues,basketball
Bertona Gastón,basketball
Filipe Kopper,basketball
Gustavo Scaglia,basketball
João Vitor,basketball
Raffa Menca,basketball
Vinicius Flores,basketball
Arthur de Abreu,basketball
Brooks Dwayne,basketball
Flavin,basketball
JP Demetrio,basketball
Rafa Stabile,basketball
Santana,basketball
Frederico Rocha,basketball
Wattfy Daniel,basketball
Hlinason Tryggvi,basketball
Killeya-Jones Sacha,basketball
Tsalmpouris Georgios,basketball
Chacon Iker,basketball
Hornsby Keith,basketball
Kullamae Kristian,basketball
Pantzar Melwin Jan,basketball
Renfroe Alex,basketball
Rigo Tomeu,basketball
Smith Adam,basketball
Anderson Denzel,basketball
Barandalla Unai,basketball
De Ridder Thijs,basketball
Rabaseda Xavier,basketball
Reyes Alejandro,basketball
Ponsarnau Jaume,basketball
Felicio Cristiano,basketball
Wiley Jacob,basketball
Bamforth Scott,basketball
Costa Martinez Lluis,basketball
Diaz Rodriguez Christian,basketball
Martínez Díaz German,basketball
Rousselle Jonathan,basketball
Cheatham Kwan,basketball
Iriarte David,basketball
Kramer David,basketball
Megias Hugo,basketball
Tomas Pere,basketball
Valtonen Elias,basketball
Pin Pablo,basketball
Cornelie Petr,basketball
Amini Mohammed,basketball
Brown John,basketball
Calathes Nick,basketball
James Mike,basketball
Loyd Jordan,basketball
Okobo Elie,basketball
Strazel Matthew,basketball
Tarpey Terry,basketball
Blossomgame Jaron,basketball
Brown Vittorio,basketball
Diallo Alpha,basketball
Hall Donta,basketball
Jaiteh Mouhammadou,basketball
Motiejunas Donatas,basketball
Ouattara Yakuba,basketball
Obradovic Sasa,basketball
Ocokoljic Mirko,basketball
Castleton Colin,basketball
Giles Harry,basketball
Hayes Jaxson,basketball
Wood Christian,basketball
Christie Max,basketball
Dinwiddie Spencer,basketball
Hood-Schifino Jalen,basketball
Mays Skylar,basketball
Reaves Austin,basketball
Russell D'Angelo,basketball
Vincent Gabe,basketball
Davis Anthony,basketball
Hachimura Rui,basketball
James LeBron,basketball
Jones Dahntay,basketball
Lewis Maxwell,basketball
Prince Taurean,basketball
Reddish Cameron,basketball
Vanderbilt Jarred,basketball
Johnson Dane,basketball
Redick JJ,basketball
Koumadje Christ,basketball
Nikic Kresimir,basketball
Schneider Tim,basketball
Delow Malte,basketball
Dorries Amon,basketball
Hermannsson Martín,basketball
Mattisseck Jonas,basketball
Mcdowell-White William,basketball
Rapieque Elias,basketball
Samar Ziga,basketball
Spagnolo Matteo,basketball
Thomas Matt,basketball
Bean Justin,basketball
Nufer Anton,basketball
Olinde Louis,basketball
Procida Gabriele,basketball
Ruf Linus,basketball
Thiemann Johannes,basketball
Wetzell Yannick,basketball
González Israel,basketball
Azubuike Udoka,basketball
Bol Bol,basketball
Nurkic Jusuf,basketball
Allen Grayson,basketball
Beal Bradley,basketball
Booker Devin,basketball
Gordon Eric,basketball
Lee Saben,basketball
Okogie Josh,basketball
Thomas Isaiah,basketball
Wainright Ishmail,basketball
Durant Kevin,basketball
Eubanks Drew,basketball
Little Nassir,basketball
O'Neale Royce,basketball
Roddy David,basketball
Young Thaddeus,basketball
Budenholzer Mike,basketball
Hettsheimer Rafael,basketball
Rojas Lazaro,basketball
Borges Cauê,basketball
Clark Elyjah Cyres,basketball
Corazza Elio,basketball
Landeira Gabriel,basketball
Pereira Kaique,basketball
Campos Gabriel,basketball
Cauê Lucas,basketball
Demetrio Leonardo,basketball
Ferreira Daniel,basketball
Gonçalves Isaac,basketball
Nascimento Raymundo Kauan,basketball
Kratzer Leon,basketball
Malcolm Collin,basketball
Ngouama Medhy,basketball
Shorts T.J.,basketball
Ward Tyson,basketball
Cavaliere Leopold,basketball
Denis Gauthier,basketball
Herrera Sebastian,basketball
Jantunen Mikael,basketball
Kessens Michael,basketball
Sy Bandja,basketball
Iisalo Tuomas,basketball
Santos Luis,basketball
Vargas Eloy,basketball
De León Adris,basketball
Duarte Chris,basketball
Feliz Andres,basketball
Henriquez Adonys,basketball
Liz Victor,basketball
Montero Jean,basketball
Polanco Eddy,basketball
Nunez Angel,basketball
Pena Antonio,basketball
Simon Miguel,basketball
Garcia Nestor,basketball
Black Tarik,basketball
Faye Mouhamed,basketball
Cipolla Alessandro,basketball
Galloway Langston,basketball
Mainini Omar,basketball
Smith Jamar,basketball
Uglietti Lorenzo,basketball
Vitali Michele,basketball
Weber Briante,basketball
Atkins Darion,basketball
Chillo Matteo,basketball
Grant Sasha,basketball
Suljanovic Omer,basketball
Priftis Dimitrios,basketball
Perez Andy,basketball
Campbell Jensen,basketball
Hodgson Andy,basketball
Mendoza Rafael,basketball
Andino Kevin,basketball
Andrews Troy,basketball
Cacho Dalton,basketball
Garth Francisco,basketball
Herrera Juan,basketball
Martinez Josmel,basketball
Ruiz Jared,basketball
Torres Farell,basketball
Rosário David,basketball
Rivero Jasiel,basketball
Baldwin Wade,basketball
Blatt Tamir,basketball
Cleveland Antonius,basketball
Dibartolomeo John,basketball
Randolph Levi,basketball
Thomasson Joe,basketball
Cohen Jake,basketball
Gabriel Wenyen,basketball
Menco Rafi,basketball
Sorkin Roman,basketball
Webb James,basketball
Kattash Oded,basketball
Diouf Mouhamet,basketball
Fernandez Juan Guilherme,basketball
Sajus Martynas,basketball
Sakho Jordan,basketball
Garcia Sergi,basketball
McLemore Ben,basketball
Polite Anthony,basketball
Quintela Erik,basketball
Quintela Sergi,basketball
Robinson Justin,basketball
Simon Rob,basketball
Jogela Matas,basketball
Momirov Stefan,basketball
Nakic Toni,basketball
Rudan Matej,basketball
Mrsic Veljko,basketball
Diggs Quincy,basketball
Ersek Erol,basketball
Friedrich Daniel,basketball
Guttl Benedikt,basketball
Kaferle Sebastian,basketball
Kostic Aleksej,basketball
Lanmuller Timo,basketball
Vujosevic Bogic,basketball
Brajkovic Luka,basketball
Mahalbasic Rasid,basketball
Poljak Renato,basketball
Suljanovic Omer,basketball
Danek Benedikt,basketball
Gulam P.,basketball
O'Shea Chris,basketball
Olaseni Gabriel,basketball
Sharma Joshua,basketball
Kaboza Bradley,basketball
Morgan Matthew,basketball
Nelson Luke,basketball
Phillip Tarik,basketball
Soluade Morayoninuoluwa,basketball
Taylor Jordan,basketball
Dekker Sam,basketball
Grantham Donte,basketball
Morgan Conor,basketball
Nwaba David,basketball
Queeley Kareem,basketball
Bozic Petar,basketball
Youngblood Robert,basketball
Borbei Alexandru,futebol
Brancolini Federico,futebol
Falcone Wladimiro,futebol
Fruchtl Christian,futebol
Samooja Jasper,futebol
Baschirotto Federico,futebol
Dorgu Patrick,futebol
Esposito Sebastian,futebol
Gallo Antonino,futebol
Gendrey Valentin,futebol
Odirlei de Souza Kialonda,futebol
Pongracic Marin,futebol
Venuti Lorenzo,futebol
Berisha Medon,futebol
Blin Alexis,futebol
Gonzalez Joan,futebol
Kaba Mohamed,futebol
Maleh Youssef,futebol
Pierret Balthazar,futebol
Rafia Hamza,futebol
Ramadani Ylber,futebol
Samek Daniel,futebol
Banda Lameck,futebol
Burnete Rares,futebol
Krstovic Nikola,futebol
Oudin Remi,futebol
Pierotti Santiago,futebol
Sansone Nicola,futebol
Tete Morente,futebol
Gotti Luca,futebol
Oturu Daniel,basketball
Poirier Vincent,basketball
Beaubois Rodrigue,basketball
Bryant Elijah,basketball
Hollatz Justus,basketball
Larkin Shane,basketball
Oncel Ridvan,basketball
Ozdemiroglu Dogus,basketball
Thompson Darius,basketball
Johnson Stanley,basketball
Jones Tyrique,basketball
Osmani Ercan,basketball
Smits Rolands,basketball
Willis Derek,basketball
Yildizli Burak,basketball
Yilmaz Erkan,basketball
Can Erdem,basketball
Mijatovic Tomislav,basketball
Duren Jaden,basketball
Stewart Isaiah,basketball
Wiseman James,basketball
Boeheim Buddy,basketball
Cunningham Cade,basketball
Flynn Malachi,basketball
Fournier Evan,basketball
Grimes Quentin,basketball
Harris Joe Malcolm,basketball
Hayes Killian,basketball
Ivey Jaden,basketball
Jenkins Daniss,basketball
Nowell Jaylen,basketball
Sasser Marcus,basketball
Umude Stanley,basketball
Brown Troy,basketball
Evbuomwan Tosan,basketball
Fontecchio Simone,basketball
Gibson Taj,basketball
Metu Chimezie,basketball
Rhoden Jared,basketball
Thompson Ausar,basketball
Williams Monty,basketball
Garza Luka,basketball
Gobert Rudy,basketball
Reid Naz,basketball
Towns Karl-Anthony,basketball
Alexander-Walker Nickeil,basketball
Bishop IV James,basketball
Clark Jaylen,basketball
Conley Mike,basketball
Dillingham Rob,basketball
Dozier P.J.,basketball
Edwards Anthony,basketball
McLaughlin Jordan,basketball
Moore Wendell,basketball
Morris Monte,basketball
Nix Daishen,basketball
Anderson Kyle,basketball
LeDee Jaedon,basketball
McDaniels Jaden,basketball
Miller Leonard,basketball
Minott Josh,basketball
Shannon Jr. Terrence,basketball
Wahl Tyler,basketball
Warren TJ,basketball
Finch Chris,basketball
Holmes Richaun,basketball
Vukcevic Tristan,basketball
Bernard Jules,basketball
Butler Jared,basketball
Davis Johnny,basketball
Diallo Hamidou,basketball
Hampton R.J.,basketball
Jones Tyus,basketball
Poole Jordan,basketball
Shamet Landry,basketball
Avdija Deni,basketball
Bagley Marvin,basketball
Baldwin Patrick,basketball
Champagnie Justin,basketball
Coulibaly Bilal,basketball
Gill Anthony,basketball
Kispert Corey,basketball
Kuzma Kyle,basketball
Livers Isaiah,basketball
Omoruyi Eugene,basketball
Keefe Brian,basketball
Unseld Jr. Wes,basketball
Hartenstein Isaiah,basketball
Robinson Mitchell,basketball
Sims Jericho,basketball
Skapintsev Dmytro,basketball
Brown Charlie,basketball
Brunson Jalen,basketball
Burks Alec,basketball
DiVincenzo Donte,basketball
Hart Josh,basketball
Jeffries DaQuan,basketball
McBride Miles,basketball
Milton Shake,basketball
Washington Duane,basketball
Achiuwa Precious,basketball
Anunoby Ogugua,basketball
Bogdanovic Bojan,basketball
Bridges Mikal,basketball
Diakite Mamadi,basketball
Randle Julius,basketball
Toppin Jacob,basketball
Thibodeau Tom,basketball
Pickett Aitor,basketball
Pino Joaquin,basketball
Suarez Manuel,basketball
Inyaco Filipe,basketball
Ansaldo Ignacio,basketball
Carrasco Sebastian,basketball
Carrion Ignacio,basketball
Haase Felipe,basketball
Herrera Sebastian,basketball
Jones Darrol,basketball
Lauler Carlos,basketball
Morales Franco,basketball
Omic Alen,basketball
Shashkov Alexander,basketball
Blazic Jaka,basketball
Cobbs Justin,basketball
Dragic Zoran,basketball
Glas Gregor,basketball
Klobucar Jaka,basketball
Radicevic Nikola,basketball
Radovic Rok,basketball
Stewart D.J.,basketball
Jones Shaun,basketball
Matkovic Karlo,basketball
Scuka Luka,basketball
Martic Zoran,basketball
Pianigiani Simone,basketball
Turchetto Andrea,basketball
Milinkovic-Savic Vanja,futebol
Passador Pietro,futebol
Popa Mihai,futebol
Bellanova Raoul,futebol
Bianay Balcot Come,futebol
Buongiorno Alessandro,futebol
Dellavalle Alessandro,futebol
Djidji Koffi,futebol
Masina Adam,futebol
Rodriguez Ricardo,futebol
Sazonov Saba,futebol
Vojvoda Mergim,futebol
Ciammaglichella Aaron,futebol
Gineitis Gvidas,futebol
Ilic Ivan,futebol
Lazaro Valentino,futebol
Linetty Karol,futebol
Ricci Samuele,futebol
Silva Jonathan,futebol
Tameze Adrien,futebol
Vlasic Nikola,futebol
Njie Alieu,futebol
Pellegri Pietro,futebol
Sanabria Antonio,futebol
Savva Zannetos,futebol
Seck Demba,futebol
Vanoli Paolo,futebol
Amorim Samuel,basketball
Bueno Cassiano,basketball
Buford William,basketball
Carvalho Eddy,basketball
Orresta Sebastian,basketball
Soares Bruno César,basketball
Ewing Eden,basketball
Fernandes Gabriel,basketball
Mcclanahan Dexter,basketball
Nunes Douglas,basketball
Queiros Filipe,basketball
dos Santos Soares Flávio Aurélio,basketball
Claxton Nicolas,basketball
Gilyard Jacob,basketball
Johnson Daniel,basketball
Jones Tevian,basketball
Martin Jaylen,basketball
Schroder Dennis,basketball
Simmons Ben,basketball
Smith Jr. Dennis,basketball
Thomas Cameron,basketball
Walker Lonnie,basketball
Bates-Diop Keita,basketball
Clowney Noah,basketball
Finney-Smith Dorian,basketball
Johnson Cameron,basketball
Sharpe Day'Ron,basketball
Watford Trendon,basketball
Whitehead Dariq,basketball
Wilson Jalen,basketball
Fernandez Jordi,basketball
Kessler Walker,basketball
Yurtseven Omer Faruk,basketball
Bailey Bryan,basketball
Clarkson Jordan,basketball
Dunn Kris,basketball
George Keyonte,basketball
Horton-Tucker Talen,basketball
Juzang Johnny,basketball
Lewis Kira,basketball
Sexton Collin,basketball
Bazley Darius,basketball
Collins John,basketball
Hendricks Taylor,basketball
Lofton Kenneth,basketball
Markkanen Lauri,basketball
Potter Micah,basketball
Samanic Luka,basketball
Sensabaugh Brice,basketball
Hardy Will,basketball
Len Alex,basketball
Lual-Acuil Joseph,basketball
McGee JaVale,basketball
Duarte Chris,basketball
Ellis Daniel,basketball
Ford Jordan,basketball
Fox De'Aaron,basketball
Huerter Kevin,basketball
Jones Isaac,basketball
Jones Mason,basketball
Mitchell Davion,basketball
Monk Malik,basketball
Barnes Harrison,basketball
Bickerstaff,basketball
Crawford Isaiah,basketball
Edwards Kessler,basketball
Jones Colby,basketball
Lyles Trey,basketball
Murray Keegan,basketball
Sabonis Domantas,basketball
Slawson Jalen,basketball
Toscano-Anderson Juan Guilherme,basketball
Vezenkov Aleksandar,basketball
Brown Mike,basketball
Christie Douglas,basketball
Loucks Luke,basketball
Williams Jawad Hason,basketball
Dominguez Andres,basketball
Prinsloo Pieter,basketball
Arteaga Evandro,basketball
Silva Diego,basketball
Aguirre Urrutia Nicolas,basketball
Alvarado Juan,basketball
Carrasco Sebastian,basketball
Castro Matias,basketball
Johnson Roquez,basketball
Maass R,basketball
Polidori Gianlucca,basketball
Rivera Michael,basketball
Roman Mella Francisco,basketball
Rubio Kevin,basketball
Thomas Charles,basketball
Vergara Alejandro,basketball
Woods Derrick,basketball
Gomez Martinez Santiago,basketball
Nunez Cipriano,basketball
Mazza Andrea,futebol
Sorrentino Alessandro,futebol
Bettella Davide,futebol
Birindelli Samuele,futebol
Caldirola Luca,futebol
Carboni Andrea,futebol
Izzo Armando,futebol
Kyriakopoulos Georgios,futebol
Mari Pablo,futebol
Pereira Pedro,futebol
Berretta Alessandro,futebol
Bondo Warren,futebol
Colombo Leonardo,futebol
Colpani Andrea,futebol
D'Ambrosio Danilo,futebol
Gagliardini Roberto,futebol
Ganci Daniele,futebol
Gaye Mamadou,futebol
Machin Jose,futebol
Miani Arthur,futebol
Pessina Matteo,futebol
Vignato Samuel,futebol
Caprari Gianluca,futebol
Ciurria Patrick,futebol
Djuric Milan,futebol
Forson Omari,futebol
Maric Mirko,futebol
Mota Dany,futebol
Zanaboni Emanuele,futebol
Palladino Raffaele,futebol
Lorena,basketball
Tatá,basketball
Albiero,basketball
Monique,basketball
Bleidao,basketball
Gabi Guimaraes,basketball
Joice,basketball
Larissa,basketball
Lee Lisboa,basketball
Leila,basketball
Maristela,basketball
Patty,basketball
Antonio Barbosa,basketball
Prey Ruben,basketball
Ruzic Michael,basketball
Tomic Ante,basketball
Andrews Andrew,basketball
Busquets Josep,basketball
Evans Shannon,basketball
Hanga Adam,basketball
Majoral Pau,basketball
Ribas Pau,basketball
Vives Guillem,basketball
Allen Miguel,basketball
Brodziansky Vladimir,basketball
Cook Tyler,basketball
Kraag Yannick,basketball
Lopez Karim,basketball
Rodriguez Jordi,basketball
Miret Garcia Daniel,basketball
Adebayo Bam,basketball
Embiid Joel,basketball
Booker Devin,basketball
Curry Stephen,basketball
Edwards Anthony,basketball
Galloway Langston,basketball
Haliburton Tyrese,basketball
Holiday Jrue,basketball
White Derrick,basketball
Davis Anthony,basketball
Durant Kevin,basketball
Hayes Nigel,basketball
James LeBron,basketball
Tatum Jayson,basketball
Kerr Steve,basketball
Drummond Andre,basketball
Sanogo Adama,basketball
Vucevic Nikola,basketball
Carter Jevon,basketball
DeRozan DeMar,basketball
Domask Marcus,basketball
Dosunmu Ayo,basketball
Drell Henri,basketball
Giddey Josh,basketball
LaVine Zach,basketball
Taylor Terry,basketball
Terry Dalen,basketball
Thomas Tyler,basketball
White Coby,basketball
Bitim Onuralp,basketball
Craig Torrey,basketball
Phillips Julian,basketball
Williams Patrick,basketball
Donovan Billy,basketball
Bastardo Raymon,basketball
Gallizzi Tayavek,basketball
Vassirani Eduardo,basketball
Basabe Emiliano,basketball
Brussino Juan,basketball
Collomb Diego,basketball
Robinson Brandon,basketball
Rolfi Fortunato,basketball
Sansimoni Bruno,basketball
Acevedo Sebastian,basketball
Ramirez Fabian,basketball
Ramella Leandro,basketball
Enoch Steven,basketball
Brown Brandon,basketball
Palmer James,basketball
Ulusoy Ismail,basketball
Wallace Tyrone,basketball
Yagmur Mehmet,basketball
Dogan Mevlut,basketball
Guler Boran,basketball
Jones Jarrod,basketball
Sav Troy,basketball
Saybir Yigitcan,basketball
Ulubay Okben,basketball
Akin Can,basketball
Selcuk Ernak,basketball
Capela Clint,basketball
Gueye Mouhamed,basketball
Bogdanovic Bogdan,basketball
Bufkin Kobe,basketball
Forrest Trent,basketball
Krejci Vit,basketball
Mathews Garrison,basketball
Matthews Wesley,basketball
Windler Dylan,basketball
Young Trae,basketball
Bey Saddiq,basketball
Fernando Bruno,basketball
Griffin AJ,basketball
Hunter De'Andre,basketball
Johnson Jalen,basketball
Lundy Seth,basketball
Okongwu Onyeka,basketball
Snyder Quin,basketball
Kravic Dejan,basketball
Traoré Youssouf Mamby,basketball
Watt Mitchell,basketball
Adronikashvili Rati,basketball
Bell-Haynes Trae,basketball
Cuevas Didac,basketball
González Miguel,basketball
Langarita Lucas,basketball
McFadden Thad,basketball
Minzer Filipe,basketball
Moreno Alejandro,basketball
Smith Mark,basketball
Delany Finn,basketball
Munoz Daniel Samatan,basketball
Sulejmanovic Emir,basketball
Yusta Santigo,basketball
Burgess Jack,basketball
Fisac Porfirio,basketball
Benda Steven,futebol
Leno Bernd,futebol
Bassey Calvin,futebol
Castagne Timothy,futebol
De Fougerolles Luc,futebol
Diop Issa,futebol
Ream Tim,futebol
Robinson Antonee,futebol
Tete Kenny,futebol
Cairney Tom,futebol
King Joshua,futebol
Lukic Sasa,futebol
Pereira Andreas,futebol
Reed Harrison,futebol
Sekularac Kristian,futebol
Wilson Harry,futebol
Carlos,futebol
Iwobi Alex,futebol
Jimenez Raul,futebol
Rodrigo Muniz,futebol
Traore Adama,futebol
Willian,futebol
da Silva Marco,futebol
Canton Omar,basketball
Fernandez Lucas,basketball
Acosta Alejandro,basketball
Agarbado Abel,basketball
Martinez Gonzalo,basketball
Mathews Jordan,basketball
Mendez Agustín,basketball
Prieto Patrício,basketball
Superi Eduardo,basketball
Alvarez Demian,basketball
Anderson Eric,basketball
Leites Tiago,basketball
Ottonello Sebastian,basketball
Ponce Alvaro,basketball
Ascanio Jose,basketball
Graterol Windi,basketball
Cubillan David,basketball
Guerra Yeferson,basketball
Pirela Franger,basketball
Sifontes Yohanner,basketball
Vargas Gregory,basketball
Carrera Michael,basketball
Chourio Pedro,basketball
Colmenares Nestor,basketball
Materan Jose,basketball
Pérez Anthony,basketball
Ruiz Miguel,basketball
Duro Fernando,basketball
Seoane Daniel,basketball
Ferreira de Oliveira Maria Carolina,basketball
Giulia,basketball
Glenda,basketball
Gretter Melisa,basketball
Let Lopes,basketball
Vick,basketball
Milena,basketball
Moura,basketball
Petula,basketball
Rechembak,basketball
Sil,basketball
Rodrigues Bruna,basketball
Victor Camilo,basketball
Abreu Leonardo,basketball
Atauri Lucas,basketball
Crescenzi Kevin,basketball
Ferreira Vinícius,basketball
Ferreyra Santiago,basketball
Alves Murilo,basketball
Braga Guilherme,basketball
Cardoso Bruno César,basketball
Doria Alex,basketball
Doria Lucas,basketball
Ferracciu Conrado Demetrius,basketball
Garuba Usman,basketball
Jackson-Davis Trayce,basketball
Looney Kevon,basketball
Beekman,basketball
Curry Stephen,basketball
Joseph Cory,basketball
Moody Moses,basketball
Paul Chris,basketball
Payton Gary,basketball
Podziemski Brandin,basketball
Quinones Lester,basketball
Robinson Jerome,basketball
Grant,basketball
Green Draymond,basketball
Kuminga Jonathan,basketball
Santos Gui,basketball
Saric Dario,basketball
Wiggins Andrew,basketball
Kerr Steve,basketball
Vereen Emmanuel,basketball
Blazevic Marek,basketball
Guerrero Ruben,basketball
Dotson Damyean,basketball
Figueras Pol,basketball
Kovliar Oleksandr,basketball
Strelnieks Janis,basketball
Zurbriggen Fernando,basketball
Harguindey Pablo,basketball
Muñoz Alvaro,basketball
Scrubb Thomas,basketball
Suárez Alex,basketball
Timma Janis,basketball
Tinkle Tres,basketball
Fernandez Moncho,basketball
Fall Moustapha,basketball
Milutinov Nikola,basketball
Tanoulis Giorgos,basketball
Canaan Isaiah,basketball
Dorsey Tyler,basketball
Evans Keenan,basketball
Larentzakis Giannoulis,basketball
Lountzis Michalis,basketball
Mckissic Shaquielle,basketball
Mitrou-Long Naz,basketball
Vildoza Luca,basketball
Walkup Thomas,basketball
Williams-Goss Nigel,basketball
Brazdeikis Ignas,basketball
Papanikolaou Kostas,basketball
Peters Alec,basketball
Petrusev Filip,basketball
Wright Moses,basketball
Bartzokas Georgios,basketball
Lopez Brook,basketball
Lopez Robin,basketball
Beasley Malik,basketball
Beverley Patrick,basketball
Chaplin Jamir,basketball
Connaughton Pat,basketball
Green A.J.,basketball
Lillard Damian,basketball
Moore Justin,basketball
Rollins Ryan,basketball
Washington Tyty,basketball
Antetokounmpo Giannis,basketball
Antetokounmpo Thanasis,basketball
Beauchamp MarJon,basketball
Crowder Jae,basketball
Gallinari Danilo,basketball
Galloway Jaylin,basketball
Middleton Khris,basketball
Portis Bobby,basketball
Griffin Adrian,basketball
Rivers Doc,basketball
Barral Pedro,basketball
Digon Alejo,basketball
Inyaco Filipe,basketball
Spight Andre,basketball
Venegas Juan,basketball
Cerminato Leandro,basketball
Chapero Tomas,basketball
Smaniotti Franco,basketball
Solarin Jeffrey Oluwatosin,basketball
Dominguez Peter,basketball
Vadell Diego,basketball
Ju Souza,basketball
Lau,basketball
Lima,basketball
Luana,basketball
Tita,basketball
Carol Ribeiro,basketball
Giih Sousa,basketball
Lucia Auza,basketball
Nany,basketball
Parro,basketball
Tinuola Ibukunoluwa,basketball
Leandro Leal,basketball
Alexandrino,basketball
Aquiles,basketball
Castellon,basketball
Gui Bento,basketball
Igor Rocha,basketball
Jaime,basketball
Robson Júnior,basketball
Zé Vitor,basketball
Lucas Vinicius,basketball
Luiz Marcelino,basketball
Ryan Pablo,basketball
William Drudi,basketball
Cate Emanuel,basketball
Stipanovic Andrija,basketball
De Oliveira Vieira Neal Richard II,basketball
Guzmán Karel,basketball
Jones Bryce,basketball
Lapuste David,basketball
Mokoka Adam,basketball
Petric Tudor-Alexis,basketball
Seeley D.J.,basketball
Eddie Jarell,basketball
Fintina David,basketball
Maciuca Mihai,basketball
Mejeris Mareks,basketball
Roschnafsky Eduard,basketball
Silvasan Mihai,basketball
Bolden Marques,basketball
Richards Nick,basketball
Bailey Amari,basketball
Ball LaMelo,basketball
Battle RaeQuan,basketball
Bouknight James,basketball
Curry Seth,basketball
Mann Tre,basketball
Micic Vasilije,basketball
Pride Charles,basketball
Simpson KJ,basketball
Smith Ish,basketball
Smith Nick,basketball
Bertans Davis,basketball
Black Leaky,basketball
Bridges Miles,basketball
Cross Kevin,basketball
Hall Malik,basketball
Martin Cody,basketball
Miller Brandon,basketball
Pokusevski Aleksej,basketball
Slater,basketball
Thor JT,basketball
Williams Grant,basketball
Clifford Steve,basketball
Lee Charles,basketball
Surenkamp Jordan,basketball
Clarissa,basketball
Kelly,basketball
Moschen,basketball
Mari Dias,basketball
Sther Ubaka,basketball
Taina Paixao,basketball
Tati Pacheco,basketball
Capiro Felipe Ariadna,basketball
Dry,basketball
Gil,basketball
Mica,basketball
Schmauch,basketball
Thalita,basketball
Zanolla,basketball
Cristiano Cedra,basketball
Kravish David,basketball
Lima,basketball
Sima Yankuba,basketball
Carter Tyson,basketball
Del Pino Guillermo,basketball
Diaz Alberto,basketball
Djedovic Nihad,basketball
Kalinoski Tyler,basketball
Perry Kendrick,basketball
Taylor Kameron,basketball
Barreiro Jonathan,basketball
Ejim Melvin,basketball
Osetkowski Dylan,basketball
Thomas Will,basketball
Navarro Ibon,basketball
Alvin,futebol
Soriano Juan,futebol
Aguilar Lopez Gonzalo,futebol
Arambarri Aritz,futebol
Franquesa Enric,futebol
Gonzalez Poirrier Sergio,futebol
Leiton Acros Marco,futebol
Rosier Valentin,futebol
Saenz de Miera Colmeiro Jorge,futebol
Brasanac Darko,futebol
Chicco Julian,futebol
Neyou Yvan,futebol
Perea Hernandez Luis,futebol
Cisse Seydouba,futebol
Cruz Juan,futebol
Garcia Diego,futebol
Garcia Naim,futebol
Koke,futebol
Lopez Roberto,futebol
Osazuwa Sydney,futebol
Raba Dani,futebol
de la Fuente Miguel,futebol
Jimenez Borja,futebol
Diabate Moussa,basketball
Plumlee Mason,basketball
Theis Daniel,basketball
Zubac Ivica,basketball
Boston Brandon,basketball
Brown Kobe,basketball
Coffey Amir,basketball
Harden James,basketball
Hyland Nah'Shon,basketball
Miller Jordan,basketball
Moon Xavier,basketball
Powell Norman,basketball
Primo Joshua,basketball
Westbrook Russell,basketball
Leonard Kawhi,basketball
Mann Terance,basketball
Tucker P.J.,basketball
Shaw Brian,basketball
Papagiannis Georgios,basketball
Sanli Sertac,basketball
Gazi Erten,basketball
Guduric Marko,basketball
Hall Devon,basketball
Mahmutoglu Melih,basketball
Wilbekin Scottie,basketball
Ziyaettin Omer,basketball
Biberovic Tarik,basketball
Birsen James,basketball
Colson Bonzie,basketball
Hayes Nigel,basketball
Melli Nicolo,basketball
Mestoglu Yigit,basketball
Motley Johnathan,basketball
Noua Amine,basketball
Pierre Dyshawn,basketball
Jasikevicius Sarunas,basketball
Lever Alessandro,basketball
Mabor Dut,basketball
Brown Markel,basketball
De Nicolao Giovanni,basketball
Grassi Sergio,basketball
Pullen Jacob,basketball
Ebeling Michele,basketball
Owens Tariq,basketball
Sinagra Simone,basketball
Sokolowski Michal,basketball
Zubcic Tomislav,basketball
Milicic Igor,basketball
Carnesecchi Marco,futebol
Musso Juan,futebol
Vismara Paolo,futebol
Bakker Mitchel,futebol
Bernasconi Lorenzo,futebol
Bonfanti Giovanni,futebol
Djimsiti Berat,futebol
Godfrey Ben,futebol
Hateboer Hans,futebol
Hien Isak,futebol
Kolasinac Sead,futebol
Palestra Marco,futebol
Palomino Jose Luis,futebol
Ruggeri Matteo,futebol
Scalvini Giorgio,futebol
Tolói Rafael,futebol
Zappacosta Davide,futebol
Zortea Nadir,futebol
Adopo Michel,futebol
Comi Pietro,futebol
De Ketelaere Charles,futebol
Ederson,futebol
Koopmeiners Teun,futebol
Kovalenko Viktor,futebol
Mendicino Leonardo,futebol
Miranchuk Aleksey,futebol
Pasalic Mario,futebol
Zaniolo Nicolo,futebol
de Roon Marten,futebol
Balde Siren,futebol
Lookman Ademola,futebol
Scamacca Gianluca,futebol
Toure El Bilal,futebol
Zapata Duvan,futebol
Gasperini Gian Piero,futebol
Allen Jarrett,basketball
Jones Damián,basketball
Mobley Evan,basketball
Garland Darius,basketball
Jerome Ty,basketball
Merrill Sam,basketball
Mitchell Donovan,basketball
Porter Craig,basketball
Smith Zhaire,basketball
Strus Max,basketball
Bates Emoni,basketball
LeVert Caris,basketball
Mobley Isaiah,basketball
Morris Marcus,basketball
Niang Georges,basketball
Okoro Isaac,basketball
Thompson Tristan,basketball
Tyson Jaylon,basketball
Wade Dean,basketball
Bickerstaff J.B.,basketball
Gerrity Mike,basketball
Berucka Arnas,basketball
Kariniauskas Vaidas,basketball
Sulaimon Rasheed,basketball
Zagars Arturs,basketball
Zemaitis Kristupas,basketball
Brooks Garrison,basketball
Kozys Vitalijus,basketball
Mekowulu Christian,basketball
Miniotas Regimantas,basketball
Taylor Jeff,basketball
Thurman Tre'Shawn,basketball
Zukauskas Eigirdas,basketball
Pacevicius Nedas,basketball
Chichizola Leandro,futebol
Corvi Edoardo,futebol
Rinaldi Filippo,futebol
Turk Martin,futebol
Amoran Peter,futebol
Ansaldi Cristian,futebol
Balogh Botond,futebol
Circati Alessandro,futebol
Coulibaly Woyo,futebol
Del Prato Enrico,futebol
Di Chiara Gianluca,futebol
Osorio Yordan,futebol
Valenti Lautaro,futebol
Valeri Emanuele,futebol
Bernabe Garcia Adrian,futebol
Camara Drissa,futebol
Charpentier Gabriel,futebol
Cyprien Wylan,futebol
Estevez Nahuel,futebol
Hainaut Antoine,futebol
Hernani,futebol
Sohm Simon,futebol
Begic Tjas,futebol
Benedyczak Adrian,futebol
Bonny Ange-Yoan,futebol
Colak Antonio,futebol
Haj Mohamed Anas,futebol
Man Dennis,futebol
Mihaila Valentin,futebol
Partipilo Anthony,futebol
Sits Dario,futebol
Pecchia Fabio,futebol
Geben Martinas,basketball
Mawugbe Selom,basketball
Badio Brancou,basketball
Garcia Dani,basketball
Pérez Dani,basketball
Taylor Brandon,basketball
Williams Travante,basketball
Coulibaly Ladji,basketball
Jou Coll Guilliem,basketball
Oriola Pierre,basketball
Robinson Devin,basketball
Sagnia Musa,basketball
Steinbergs Marcis,basketball
Vaulet Juan,basketball
Martinez Sanchez Pedro,basketball
Breno,basketball
Elivélton,basketball
Harris Anthony,basketball
Hunt Malik,basketball
Marcos,basketball
Adler,basketball
Beto,basketball
Dilber,basketball
Egon,basketball
Heitor Ribeiro,basketball
Lelé,basketball
Lucas Augusto,basketball
Lucas Marciel,basketball
Thiago Henrique,basketball
Rodrigues Rinaldo,basketball
Gomez Pablo,basketball
Iglesias Gonzalo,basketball
Wachsmann Kiril,basketball
Fitipaldo Bruno,basketball
Granger Jayson,basketball
Gutt Golan,basketball
Ubal Agustin,basketball
Ducasse Juan,basketball
Pomoli Nicola,basketball
Rodriguez Joaquin,basketball
Rojas Martin,basketball
Serres Emiliano,basketball
Jauri Gerardo,basketball
Ferreira Andre,futebol
Rafus Arnau,futebol
Boyomo Flavien,futebol
Comert Eray,futebol
Koke,futebol
Perez Luis,futebol
Rosa Lucas,futebol
Sanchez Javier,futebol
Torres David,futebol
Anuar,futebol
Juric Stanko,futebol
Martinez Jesus Thomaz,futebol
Meseguer Cavas Victor Andres,futebol
Monchu,futebol
Quintana Alberto,futebol
de la Hoz Cesar,futebol
Arnuncio Adrian,futebol
Biuk Stipe,futebol
Kenedy,futebol
Marcos Andre,futebol
Moro Raul,futebol
Ndiaye Amath,futebol
Salazar Israel Pirlz,futebol
Sanchez Ivan,futebol
Sylla Mamadou,futebol
Pezzolano Paulo,futebol
Arthur,basketball
Djokovic Radovan,basketball
Malachias Gabriel,basketball
Nunes Pedro,basketball
Ruiz Enzo,basketball
Stephens Kendall,basketball
JJ,basketball
Johnson Duane,basketball
Machado Luiz,basketball
Zanaki João,basketball
Silva Rodrigo,basketball
Bombino Pedro Eliezer,basketball
Rivero Jasiel,basketball
Casero-Ortiz Sigfredo,basketball
Chacon Marcos,basketball
Espinosa Michel,basketball
Garcia Reynaldo,basketball
Conde Joan,basketball
Cubilla Yoel,basketball
Diaz Miranda Marlon,basketball
Sant-Roos Howard,basketball
Planas Onel,basketball
Birch Khem,basketball
Djordjevic Stefan,basketball
Goloman Gyorgy,basketball
Sorolla Menasanch Jaume,basketball
Caicedo Michael,basketball
Chery Kenny,basketball
Colom Quino,basketball
Davis Corey,basketball
Fjellerup Maximo,basketball
Iroegbu Ike,basketball
Marcos Juan,basketball
Sala Pau,basketball
Martínez Sergi,basketball
Pons Yves,basketball
Susinskas Mindaugas,basketball
Vila Martinez Eric,basketball
Camps Salva,basketball
Katsikaris Fotios,basketball
Lucas Gabriel,basketball
Bruno Felipe,basketball
Guga,basketball
Robinho,basketball
Vincenzo,basketball
Folha,basketball
Gabriel Oliveira,basketball
Gabriel Soldi,basketball
Guizao,basketball
João Victor,basketball
Luizinho,basketball
Matheus Chagas,basketball
Rafael Bibiano,basketball
Rafael Frias,basketball
Ruivo,basketball
Wagner,basketball
Leque Daniel,basketball
Alvaro Valles,futebol
Cillessen Jasper,futebol
Gorrin Ale,futebol
Horkas Dinko,futebol
Alex Suarez,futebol
Coco Saul,futebol
Fuster Manuel,futebol
Herzog Juanma,futebol
Lemos Alvaro,futebol
Marmol Mika,futebol
Munoz Alex,futebol
Sinkgraven Daley,futebol
Campana José,futebol
González Fabio,futebol
Javier Muñoz,futebol
Loiodice Enzo,futebol
Mfulu Omenuke,futebol
Moleiro Alberto,futebol
Pejino,futebol
Ramirez Benito,futebol
Rodriguez Kirian,futebol
Zhang Ivan,futebol
Bikoue,futebol
Cardona Marc,futebol
Gonpi Alex,futebol
Kaba Sory,futebol
Marvin,futebol
Mata Jaime,futebol
Ramirez Sandro,futebol
Viti,futebol
Carrion Luis,futebol
Conceição Serjão,basketball
Santana Tarek,basketball
Ale Alexsander,basketball
Basilio Gustavo,basketball
Brasil Lucas,basketball
Freitas Cauê,basketball
Gomes Humberto Luiz Gomes,basketball
Lucas,basketball
Queiroz Cauã,basketball
Marquinhos Vieira,basketball
Paulichi Rafael,basketball
Russo Fabricio,basketball
Weber Matheus,basketball
Figueiro Alves Leonardo,basketball
Blumbergs Roberts,basketball
Bochoridis Eleftherios,basketball
Gallinat Roberto,basketball
Harrell Ronnie,basketball
Katsivelis Dimitrios,basketball
Stark Jonathan,basketball
Toliopoulos Vasileios,basketball
De Sousa Sílvio,basketball
Kalogiros Andreas,basketball
Persidis Nikos,basketball
Sanogo Ismael,basketball
Slaftsakis Diamantis,basketball
Kastritis Ioannis,basketball
Contini Nikita,futebol
Meret Alex,futebol
D'Avino Luigi,futebol
Di Lorenzo Giovanni,futebol
Juan Jesus,futebol
Mazzocchi Pasquale,futebol
Natan,futebol
Olivera Mathias,futebol
Ostigard Leo,futebol
Rrahmani Amir,futebol
Rui Mario,futebol
Spinazzola Leonardo,futebol
Anguissa Frank,futebol
Cajuste Jens,futebol
Gaetano Gianluca,futebol
Gioielli Francesco,futebol
Lindstrom Jesper,futebol
Lobotka Stanislav,futebol
Ngonge Cyril,futebol
Popovic Matija,futebol
Cheddira Walid,futebol
Kvaratskhelia Khvicha,futebol
Osimhen Victor,futebol
Politano Matteo,futebol
Raspadori Giacomo,futebol
Simeone Giovanni,futebol
Zerbin Alessio,futebol
Conte Antonio,futebol
Booker Devin,basketball
Brankovic Danko,basketball
Ibaka Serge,basketball
Bolmaro Leandro,basketball
Edwards Carsen,basketball
Giffey Niels,basketball
Kharchenkov Ivan,basketball
Obst Andreas,basketball
Weiler-Babb Nick,basketball
Bonga Isaac,basketball
Harris Elias,basketball
Kalu Martín,basketball
Lucic Vladimir,basketball
Radoncic Dino,basketball
Bressan Gonzalo,basketball
Delia Marcos,basketball
Fernandez Juan Guilherme,basketball
Bocca Juan,basketball
Bolmaro Leandro,basketball
Campazzo Facundo,basketball
Laprovittola Nicolas,basketball
Marcos Juan,basketball
Redivo Lucio,basketball
Brussino Nicolas,basketball
Corbalan Gonzala,basketball
Deck Gabriel,basketball
Garino Patrício,basketball
Giovannetti Lucas,basketball
Vaulet Juan,basketball
Mandole Herman,basketball
Bagnolini Nicola,futebol
Ravaglia Federico,futebol
Skorupski Lukasz,futebol
Beukema Sam,futebol
Calafiori Riccardo,futebol
Corazza Tommaso,futebol
Ilic Mihajlo,futebol
Lucumi Jhon,futebol
Lykogiannis Charalampos,futebol
Miranda Juan,futebol
Posch Stefan,futebol
Soumaoro Adama,futebol
Aebischer Michel,futebol
El Azzouzi Oussama,futebol
Fabbian Giovanni,futebol
Ferguson Lewis,futebol
Freuler Remo,futebol
Holm Emil,futebol
Moro Nikola,futebol
Urbanski Kacper,futebol
Cambiaghi Nicolo,futebol
Castro Santiago,futebol
Karlsson Jesper,futebol
Ndoye Dan,futebol
Odgaard Jens,futebol
Orsolini Riccardo,futebol
Marcella,basketball
Prudente,basketball
Tassia,basketball
Evelyn,basketball
Isinha,basketball
Melissa,basketball
Ribeiro,basketball
Rocha Giovanna,basketball
Tita,basketball
Yasmim,basketball
Rafael de Souza,basketball
Rafa,basketball
Wesley Sena,basketball
Gabriel,basketball
Konsztadt Alejandro,basketball
Oliveira Elias,basketball
Boff Brayan,basketball
Chagas Vinícius,basketball
Conceicao Diego,basketball
Contreras Francisco,basketball
Cravero Leonardo,basketball
Mogi Alves,basketball
Pinto Borges Vitor,basketball
Barbosa Rodrigo,basketball
Flekken Mark,futebol
Valdimarsson Hakon Rafn,futebol
Ajer Kristoffer,futebol
Arthur Benjamin,futebol
Collins Nathan Michael,futebol
Kim Ji-Soo,futebol
Mee Ben,futebol
Pinnock Ethan,futebol
Roerslev Rasmussen Mads,futebol
Zanka,futebol
Brierley Ethan,futebol
Damsgaard Mikkel,futebol
Dasilva Josh,futebol
Janelt Vitaly,futebol
Jensen Mathias,futebol
Konak Yunus Emre,futebol
Norgaard Christian,futebol
Onyeka Frank,futebol
Peart-Harris Myles,futebol
Schade Kevin,futebol
Trevitt Ryan,futebol
Yarmolyuk Yegor,futebol
Lewis-Potter Keane,futebol
Mbeumo Bryan,futebol
Olakigbe Michael,futebol
Thiago Igor,futebol
Toney Ivan,futebol
Wissa Yoane,futebol
Frank Thomas,futebol
Aldama Santi,basketball
Jemison Trey,basketball
Bane Desmond,basketball
Goodwin Jordan,basketball
Jarreau DeJon,basketball
Kennard Luke,basketball
Konchar John,basketball
Pippen Jr Scotty,basketball
Rose Derrick,basketball
Simpson Zavier,basketball
Williams Vince,basketball
Allen Timmy,basketball
Cardoso Pereira João Marello,basketball
Clarke Brandon,basketball
Hurt Matthew,basketball
Jackson Gregory,basketball
Jackson Jaren,basketball
LaRavia Jake,basketball
Roddy David,basketball
Stevens Lamar,basketball
Watanabe Yuta,basketball
White Jack,basketball
Williams Ziaire,basketball
Jenkins Taylor,basketball
Kokila Kevin,basketball
Massa Bodian,basketball
Salash Maxim,basketball
Benitez Hugo,basketball
Brown Andy,basketball
Julien Axel,basketball
Lewis Jequan,basketball
Morgan Jeremy,basketball
Rowland Earl,basketball
Sifferlin Leon,basketball
Courby Maxime,basketball
Mike Isiaha,basketball
Risacher Zaccharie,basketball
Fauthoux Frederic,basketball
Karina,basketball
Nadia,basketball
Wanessa,basketball
Bia,basketball
Flavia,basketball
Isa Baran,basketball
Rios Manuela,basketball
Bruna,basketball
Dauane,basketball
Gi Carey,basketball
Letty,basketball
Alexander Miloslav,basketball
Cauley-Stein Willie,basketball
Okeke Leonardo,basketball
Ulaneo Scott,basketball
Besson Hugo,basketball
Librizzi Matteo,basketball
Mannion Nico,basketball
Moretti Davide,basketball
Young James,basketball
Brown Gabe,basketball
McDermott Sean,basketball
Spencer Skylar,basketball
Woldetensae Tomas,basketball
Bialaszewski Tom,basketball
Landale Jock,basketball
Marjanovic Boban,basketball
Sengun Alperen,basketball
Green Jalen,basketball
Hinton Nate,basketball
Holiday Aaron,basketball
VanVleet Fred,basketball
Brooks Dillon,basketball
Bullock Reggie,basketball
Green Jeff,basketball
Samuels Jermaine,basketball
Smith Jr. Jabari,basketball
Tate Jae'Sean,basketball
Thompson Amen,basketball
Whitmore Cam,basketball
Williams Jeenathan,basketball
Udoka Ime,basketball
Bilan Miro,basketball
Christon Semaj,basketball
Cournooh David Reginald,basketball
Della Valle Amedeo,basketball
Massinburg C.J.,basketball
Petrucelli John,basketball
Akele Nicola,basketball
Burnell Jason,basketball
Cobbins Mike,basketball
Gabriel Kenny,basketball
Porto Matteo,basketball
Tanfoglio Nicolas,basketball
Magro Alessandro,basketball
Camara Gora,basketball
Bowman Ky,basketball
Harrison D´Angelo,basketball
Robinson Justin,basketball
Zanelli Alessandro,basketball
Allen Terry,basketball
De Marchi Giovanni,basketball
Faggian Leonardo,basketball
Mezzanotte Andrea,basketball
Olisevicius Osvaldas,basketball
Paulicap Pauly,basketball
Scandiuzzi Francesco,basketball
Torresani David,basketball
Vitucci Francesco,basketball
Hines Kyle,basketball
Nebo Joshua,basketball
Suigo Luigi,basketball
Voigtmann Johannes,basketball
Baron Billy,basketball
Bortolani Giordano,basketball
Brooks Armoni,basketball
Dimitrijevic Nenad,basketball
Flaccadori Diego,basketball
Lo Maodo,basketball
Lonati Achille,basketball
McGruder Rodney,basketball
Napier Shabazz,basketball
Tonut Stefano,basketball
Caruso Guglielmo,basketball
Diop Ousmane,basketball
LeDay Zach,basketball
Mirotic Nikola,basketball
Poythress Alex,basketball
Ricci Giampaolo,basketball
Shields Shavon,basketball
Valentine Denzel,basketball
Messina Ettore,basketball
Hysenagolli Endrit,basketball
Tola Xhulian,basketball
Dusha Elvisi,basketball
Hysa Eldi,basketball
Memcaj Elian,basketball
Strazimiri Klein,basketball
Hamati Juljan,basketball
Lekndreaj Daniel,basketball
Lilaj Frenki,basketball
Taflaj Celis,basketball
Doukas Antonios,basketball
Bitadze Goga,basketball
Carter Wendell,basketball
Anthony Cole,basketball
Black Anthony,basketball
Cooper Ta'Lon,basketball
Fultz Markelle,basketball
Harris Gary,basketball
Harris Kevon,basketball
Houstan Caleb,basketball
Howard Jett,basketball
Queen Trevelin,basketball
Suggs Jalen,basketball
Banchero Paolo,basketball
Gardner Myron,basketball
Ingles Joe,basketball
Isaac Jonathan,basketball
Okeke Chuma,basketball
Schofield Admiral,basketball
Wagner Franz,basketball
Wagner Moritz,basketball
da Silva Tristan,basketball
Mosley Jamahl,basketball
Jones Marvin,basketball
Kamenjas Kenan,basketball
Makoundou Yoan,basketball
Ferrell Yogi,basketball
Freeman Allerik,basketball
Magee Fletcher,basketball
Mihailovic Vladimir,basketball
Paul Brandon,basketball
Popovic Petar,basketball
Slavkovic Andrija,basketball
Wright McKinley,basketball
Grbovic Andrija,basketball
Ilic Aleksa,basketball
Jagodic-Kuridza Marko,basketball
Tanaskovic Nikola,basketball
Zakelj Andrej,basketball
Conditt George,basketball
Romero Ismael,basketball
Alvarado Jose,basketball
Clavell Gian,basketball
Howard Jordan,basketball
Reed Davon,basketball
Thompson Stephen,basketball
Waters Tremont,basketball
Ford Aleem,basketball
Ortiz Christopher,basketball
Pineiro Isaiah,basketball
Toro Barea Arnaldo,basketball
Colon Nelson,basketball
Alcoado Diego Jose Conde,futebol
Alvarez Iker,futebol
Jorgensen Filip,futebol
Altimira Adria,futebol
Bailly Eric,futebol
Budesca Daniel,futebol
Cuenca Jorge,futebol
Kiko Femenia,futebol
Mandi Aissa,futebol
Sola Arnau,futebol
Baena Alejandro,futebol
Comesana Santi,futebol
Gueye Pape,futebol
Parejo Dani,futebol
Pedraza Alfonso,futebol
Terrats Ramon,futebol
Trigueros Manu,futebol
Akhomach Ilias,futebol
Moreno Gerard,futebol
Sorloth Alexander,futebol
Marcelino,futebol
Koprivica Balsa,basketball
Avramovic Aleksa,basketball
Jaramaz Ognjen,basketball
Lundberg Gabriel,basketball
Marinkovic Vanja,basketball
Ntilikina Frank,basketball
Nunnally James,basketball
Smith Jaleen,basketball
Trifunovic Uros,basketball
Caboclo Bruno,basketball
Obradovic Zeljko,basketball
Lively Derek,basketball
Powell Dwight,basketball
Exum Dante,basketball
Green Joshua,basketball
Hardaway Tim,basketball
Hardy Jaden,basketball
Irving Kyrie,basketball
Lawson A.J.,basketball
Thompson Klay,basketball
Williams Brandon,basketball
Doncic Luka,basketball
Fudge Alex,basketball
Gafford Daniel,basketball
Jones Derrick,basketball
Kleber Maxmilian,basketball
Morris Markieff,basketball
Prosper Olivier-Maxence,basketball
Washington P.J.,basketball
Dudley Jared,basketball
Kidd Jason,basketball
Gandini Luca,basketball
Cappelletti Alessandro,basketball
Jefferson Brandon,basketball
Kruslin Filip,basketball
Pisano Riccardo,basketball
Raspino Tomasso,basketball
Tyree Breein,basketball
Charalampopoulos Vasileios,basketball
Gombauld Stephane,basketball
Treier Kaspar,basketball
Markovic Nenad,basketball
Chiesa Mattia,futebol
Montipo Lorenzo,futebol
Perilli Simone,futebol
Toniolo Giacomo,futebol
Cabal Juan,futebol
Calabrese Nicolo,futebol
Coppola Diego,futebol
Corradi Christian,futebol
Dawidowicz Pawel,futebol
Magnani Giangiacomo,futebol
Belahyane Reda,futebol
Duda Ondrej,futebol
Harroui Abdou,futebol
Patane Nicola,futebol
Serdar Suat,futebol
Silva Daniel,futebol
Suslov Tomas,futebol
Cisse Alphadjo,futebol
Cruz Juan Manuel,futebol
Henry Thomas,futebol
Mitrovic Stefan,futebol
Mosquera Daniel,futebol
Swiderski Karol,futebol
Tavsan Elayis,futebol
Tchatchoua Jackson,futebol
Zanetti Paolo,futebol
Horford Al,basketball
Kornet Luke,basketball
Queta Neemias,basketball
Brown Jaylen,basketball
Davison JD,basketball
Holiday Jrue,basketball
Pritchard Payton,basketball
Springer Jaden,basketball
Walsh Jordan,basketball
White Derrick,basketball
Brissett Oshae,basketball
Hauser Sam,basketball
Mykhailiuk Sviatoslav,basketball
Peterson Drew,basketball
Porzingis Kristaps,basketball
Tatum Jayson,basketball
Tillman Xavier,basketball
Hendry Trevor,basketball
Mazzulla Joe,basketball
Radosevic Leon,basketball
Severini Luca,basketball
Baldasso Tommaso,basketball
Candi Leonardo,basketball
Dowe Chris,basketball
Errica Nicholas,basketball
Obasohan Retin,basketball
Strautins Arturs,basketball
Tavernelli Riccardo,basketball
Ross Colbey,basketball
Thomas TaShawn,basketball
Weems Kyle,basketball
Zerini Andrea,basketball
De Raffaele Walter,basketball
Luiz Gustavo,basketball
Lupa Santos,basketball
Ware Chris,basketball
Barry,basketball
Colina,basketball
Guilherme Lucas,basketball
Lacerda Lucas,basketball
Lessa Guilherme,basketball
Stallworth Shamell,basketball
Vitinho,basketball
Joshua,basketball
Oliveira Vinícius,basketball
Pastor,basketball
Penna Fernando,basketball
Bretzel Nicolás,basketball
Williams Trevion,basketball
De Paula Georginho,basketball
Jallow Karim,basketball
Jensen Tobias Brahe,basketball
Jessup Justinian,basketball
Klepeisz Thomas,basketball
Nunez Juan,basketball
Sisoho-Jawara Seikou,basketball
Weidemann Nelson,basketball
Anigbata Alec,basketball
Christen Robin,basketball
Dadiet Pacome,basketball
Essengue Noa,basketball
Figueroa LJ,basketball
Hecker Philip,basketball
Herkenhoff Philipp,basketball
Langenfeld Maximilian,basketball
Gavel Anton,basketball
González Chema,basketball
Haarms Matt,basketball
Pasecniks Anzejs,basketball
Barrientos Manuel,basketball
Benite Vitor,basketball
Frankamp Conner,basketball
Hands Jaylen,basketball
Ortega Chumi,basketball
Ubal Agustin,basketball
Van Der Vuurst Keye,basketball
Ndiaye Ousmane,basketball
Guil Luis,basketball
Birch Khem,basketball
Powell Dwight,basketball
Alexander-Walker Nickeil,basketball
Dort Luguentz,basketball
Gilgeous-Alexander Shai,basketball
Murray Jamal,basketball
Nembhard Andrew,basketball
Scrubb Philip,basketball
Barrett R.J.,basketball
Brooks Dillon,basketball
Ejim Melvin,basketball
Kabengele Mfiondu,basketball
Lyles Trey,basketball
Scrubb Thomas,basketball
Fernandez Jordi,basketball
Boer Pietro,futebol
Di Salvatore Diego,futebol
Kehayov Atanas,futebol
Svilar Mile,futebol
Angelino,futebol
Buba Aboubacar,futebol
Celik Zeki,futebol
Golic Lovro,futebol
Karsdorp Rick,futebol
Litti Marco,futebol
Mancini Gianluca,futebol
Ndicka Evan,futebol
Oliveras Jan,futebol
Reale Filippo,futebol
Smalling Chris,futebol
Aouar Houssem,futebol
Baldanzi Tommaso,futebol
Bove Edoardo,futebol
Cristante Bryan,futebol
Le Fee Enzo,futebol
Mannini Mattia,futebol
Pagano Riccardo,futebol
Paredes Leandro,futebol
Pellegrini Lorenzo,futebol
Pisilli Niccolo,futebol
Zalewski Nicola,futebol
Abraham Tammy,futebol
Cherubini Luigi,futebol
Costa João,futebol
Dybala Paulo,futebol
El Shaarawy Stephan,futebol
Mlakar Luka,futebol
Nardozi Manuel,futebol
De Rossi Daniele,futebol
Costello Matt,basketball
Davies Brandon,basketball
Kaba Alpha,basketball
Toure Boubacar,basketball
Harper Jared,basketball
Jones Chris,basketball
Jovic Stefan,basketball
Pangos Kevin,basketball
Puerto Josep,basketball
Robertson Kassius,basketball
Anderson Justin,basketball
Claver Victor,basketball
De Larrea Sergio,basketball
Inglis Damien,basketball
Lopez-Arostegui Xabier,basketball
Ojeleye Semi,basketball
Pradilla Jaime,basketball
Reuvers Nathan,basketball
Sestina Nate,basketball
Albert Xavier,basketball
Mumbru Alex,basketball
Arceli Lucas,futebol
Matheus Novaes,futebol
Ygor Vinhas,futebol
Anderson,futebol
Artur,futebol
Mika,futebol
Bruno Xavier,futebol
Cristiano,futebol
Eduardo Lucas,futebol
Leo Sena,futebol
Rafael Oller,futebol
Villian,futebol
Bozo,futebol
Gustavo Nescau,futebol
Gustavo Xuxa,futebol
Jael,futebol
Jeam,futebol
Jota,futebol
Neilton,futebol
Rikelmo,futebol
Xandão,futebol
Pereira Alberto Diego,futebol
Welington Diego,futebol
Anderson Brito,futebol
André Lucas,futebol
Carlos Gabriel,futebol
Mage,futebol
Pedro Lucas,futebol
Vitinho,futebol
Breno,futebol
Felipe Augusto,futebol
John,futebol
Lima Andre,futebol
Magno El Lobo,futebol
Nascimento Thalis,futebol
Ortiz Dilan,futebol
Huff Jay,basketball
Jokic Nikola,basketball
Jordan DeAndre,basketball
Braun Christian,basketball
Caldwell-Pope Kentavious,basketball
Gillespie Collin,basketball
Holiday Justin,basketball
Jackson Reggie,basketball
Key Braxton,basketball
Murray Jamal,basketball
Pickett Jalen,basketball
Watson Peyton,basketball
Gordon Aaron,basketball
Nnaji Zeke,basketball
Porter Michael,basketball
Strawther Julian Lee,basketball
Tyson Hunter,basketball
Malone Michael,basketball
Wembanyama Victor,basketball
Bouyea Jamaree,basketball
Branham Malaki,basketball
Castle Stephon,basketball
Cissoko Sidy,basketball
Duke Jr. David,basketball
Graham Devonte',basketball
Jones Tre,basketball
Radford,basketball
Sochan Jeremy,basketball
Wesley Blake,basketball
Barlow Dominic,basketball
Champagnie Julian,basketball
Collins Zach,basketball
Johnson Keldon,basketball
Mamukelashvili Sandro,basketball
Millner Seth,basketball
Minix,basketball
Osman Cedi,basketball
Vassell Devin,basketball
Popovich Gregg,basketball
Trevino Kenny,basketball
Bergseng Ludvik,basketball
Borg Erik,basketball
Flaa Johan,basketball
Frey Harald,basketball
Kolstad Mikkel,basketball
Mjos Stian,basketball
Rotegard Tobias,basketball
Berg Sjur,basketball
Borg Aksel,basketball
Grosse Emil,basketball
Ndow Chris-Ebou,basketball
Staff Hallvard,basketball
Eckhoff Mathias,basketball
Balcerowski Aleksander,basketball
Brown Lorenzo,basketball
Grant Jerian,basketball
Grigonis Marius,basketball
Kalaitzakis Panagiotis,basketball
Moraitis Dimitrios,basketball
Nunn Kendrick,basketball
Sloukas Kostas,basketball
Antetokounmpo Kostas,basketball
Hernangomez Juan,basketball
Lessort Mathias,basketball
Mantzoukas Lefteris,basketball
Mitoglou Konstantinos,basketball
Papapetrou Ioannis,basketball
Samodurov Alexandros,basketball
Ataman Ergin,basketball
Delgado Angel,basketball
Simonovic Marko,basketball
Yigitoglu Samet,basketball
Allman Kyle,basketball
Arslan Yigit,basketball
Erdogan Eren,basketball
Mathews Johan,basketball
Needham Derek,basketball
Ugurlu Berk,basketball
Durmaz Berkan,basketball
Alimpijevic Dusan,basketball
Lúcio,futebol
Alan Cardoso,futebol
Celsinho,futebol
Cesar,futebol
Fred,futebol
Jesse,futebol
Patrick Borges,futebol
Rafael Goiano,futebol
Rodrigo Negueba,futebol
Vitor Dadalt,futebol
Alexandre Camargo,futebol
Bruno Camilo,futebol
Carlos Alberto,futebol
Chicão,futebol
Guilherme Schneiders,futebol
Jhonata Lima,futebol
Leonardo,futebol
Lucas Lucena,futebol
Branquinho,futebol
Bruninho,futebol
Carlos Henrique,futebol
Elias Carioca,futebol
Flávio Torres,futebol
Jean Carlo,futebol
Maikon Aquino,futebol
Marcos Antonio,futebol
Marcio Nunes,futebol
Ibarra Joshua,basketball
Israel-Gutierrez Joel,basketball
Andriassi Moises,basketball
Giron Gabriel,basketball
Montano Ivan,basketball
Silva Isael,basketball
Stoll Paul,basketball
Avalos Irwin,basketball
Jaimes Fabian,basketball
Lopez Karim,basketball
Porras Adrien,basketball
Rodríguez Karim,basketball
Quintero Omar,basketball
Green Etienne,futebol
Larsonneur Gautier,futebol
Toure Issiaka,futebol
Abdelhamid Yunis,futebol
Appiah Dennis,futebol
Batubinsika Dylan,futebol
Bentayg Mahmoud,futebol
Briancon Anthony,futebol
Macon Yvann,futebol
Nokoue Bryan,futebol
Petrot Leo,futebol
Boakye Augustine,futebol
Bouchouari Benjamin,futebol
Cafaro Mathieu,futebol
Chambost Dylan,futebol
Fall Cheikh,futebol
Fomba Lamine,futebol
Monconduit Thomas,futebol
Tardieu Florian,futebol
Mayilla Enzo,futebol
Old Benjamin,futebol
Sissoko Ibrahim,futebol
Wadji Ibrahima,futebol
Dall'Oglio Olivier,futebol
Huard Laurent,futebol
da Silva Waldemar Maicon Douglas,basketball
Gui Santos,basketball
Rossetto Davi,basketball
Silva Buiu,basketball
Daniel,basketball
Gomes Jonathan,basketball
Guimarães Fernando,basketball
Honorato Italo,basketball
Seixas Henrique,basketball
Tiago,basketball
Marrelli Regis,basketball
Rossi Michael,basketball
Ale Ludwig,basketball
Romulo Gusmao,basketball
Zé Carlos,basketball
Alef Cesar,basketball
Coleman Marvin,basketball
Hugo Veloso,basketball
Icaro Martins,basketball
Pedro Teruel,basketball
Derick Machado,basketball
Dimitri Sousa,basketball
Higino Duque,basketball
Hodges Jalen,basketball
Samuel Ribeiro,basketball
Perez,basketball
Balbi Franco,basketball
Cuello Martin,basketball
Gueiros Matheus,basketball
Leoni,basketball
Machado Scott,basketball
Motta Filipe,basketball
Deodato Guilherme Pereira,basketball
Devon Scott,basketball
Jau,basketball
Louzada Marcos,basketball
Rodriguez Olivinha,basketball
de Conti Gustavo,basketball
Boucher Chris,basketball
Poeltl Jakob,basketball
Agbaji Ochai,basketball
Barnes Scott,basketball
Brown Bruce,basketball
Carton D. J.,basketball
Dick Gradey,basketball
Freeman-Liberty Javon,basketball
Quickley Immanuel,basketball
Ramsey Jahmius,basketball
Temple Garrett,basketball
Trent Gary,basketball
Barrett R.J.,basketball
Gueye Mouhamadou,basketball
McDaniels Jalen,basketball
Nwora Jordan,basketball
Olynyk Kelly,basketball
Winslow Justise,basketball
Rajakovic Darko,basketball
Biyombo Bismack,basketball
Holmgren Chet,basketball
Muscala Mike,basketball
Sarr Olivier,basketball
Caruso Alex,basketball
Dort Luguentz,basketball
Gilgeous-Alexander Shai,basketball
Joe Isaiah,basketball
Johnson Keyontae,basketball
Wallace Cason,basketball
Waters III Lindy,basketball
Wiggins Aaron,basketball
Williams Jaden,basketball
Dieng Ousmane,basketball
Hayward Gordon,basketball
Williams Jaylin,basketball
Williams Kenrich,basketball
Daigneault Mark,basketball
Woods Kameron,basketball
Carter Javier,basketball
Bocaz Eugenio,basketball
Gaskins Trevor,basketball
Sanchez Amilcar,basketball
Atencio Gil,basketball
Ayarza Josimar,basketball
Bishop Tony,basketball
Lindo Ricardo,basketball
Quintero Justin,basketball
Rivas Pablo,basketball
Rodriguez Carlos,basketball
Romero Eric,basketball
Garcia Gonzalo,basketball
Birutis Laurinas,basketball
Hayes Kevarrius,basketball
Vokietaitis Matas,basketball
Dimsa Tomas,basketball
Francisco Sylvain,basketball
Giedraitis Dovydas,basketball
Lekavicius Lukas,basketball
Montvila Nedas,basketball
Butka Dovydas,basketball
Butkevicius Arnas,basketball
Lavrinovicius Danielius,basketball
Manek Brady,basketball
Sirvydis Deividas,basketball
Smailagic Alen,basketball
Ulanovas Edgaras,basketball
Sabonis Tautvydas,basketball
Trinchieri Andrea,basketball
Gagic Djordje,basketball
Maldunas Gabrielius,basketball
Popovic Nikola,basketball
Baldwin Diante,basketball
Bickauskis Dovis,basketball
Lipkevicius Vytenis,basketball
Stuknys Nikas,basketball
Valinskas Paulius,basketball
Bircevic Stefan,basketball
Lelevicius Liutauras,basketball
Orelik Gediminas,basketball
Slavinskas Dziugas,basketball
Varnas Martynas,basketball
Canak Nenad,basketball
Alcassa Augusto,basketball
Fernandes Lucas,basketball
Andrade Lucas,basketball
Darington Hobson,basketball
Luan Rodrigues,basketball
Matheusinho Marcos Vinícius,basketball
Nunes Fellipe,basketball
Santiago Ramiro,basketball
Smith Jamaal,basketball
Vieira Patrick,basketball
Barbosa Lucão,basketball
Giga,basketball
Matias Emanuel,basketball
Palmier Miguel,basketball
Ayton Deandre,basketball
Badji Ibou,basketball
Brown Moses,basketball
Clingan Donovan,basketball
Banton Dalano,basketball
Brogdon Malcolm,basketball
Hagans Ashton,basketball
Henderson Scoot,basketball
Rupert Rayan,basketball
Simons Anfernee,basketball
Thybulle Matisse,basketball
Camara Toumani,basketball
Grant Jerami,basketball
Minaya Justin,basketball
Murray Kris,basketball
Reath Duop,basketball
Walker Jabari,basketball
Billups Chauncey,basketball
Herscu Johan,basketball
Wellington Santana,futebol
David,futebol
Edimar,futebol
Henrique Cayres,futebol
Junior Caicara,futebol
Lucas Oliveira,futebol
Walce,futebol
Enzo,futebol
Júllio,futebol
Kawan,futebol
Nelsinho,futebol
Robinho,futebol
Alexiel,futebol
Joao Marcos,futebol
Leo Passos,futebol
Soares Dioran Peterson Nohueira,futebol
Vieira Gonçalves Ighor Gabryel,futebol
Wesley,futebol
Fernando Marchiori,futebol
Dunston Bryant,basketball
Mickey Jordan,basketball
Zizic Ante,basketball
Belinelli Marco,basketball
Cordinier Isaia,basketball
Hackett Daniel,basketball
Lomazs Rihards,basketball
Mascolo Bruno,basketball
Pajola Alessandro,basketball
Abass Awudu,basketball
Dobric Ognjen,basketball
Polonara Achille,basketball
Shengelia Tornike,basketball
Banchi Luca,basketball
Mosca Federico,futebol
Okoye Maduka,futebol
Padelli Daniele,futebol
Silvestri Marco,futebol
Abankwah James,futebol
Bijol Jaka,futebol
Di Leva Vincenzo,futebol
Ebosele Festy,futebol
Ehizibue Kingsley,futebol
Giannetti Lautaro,futebol
Guessand Axel,futebol
Kabasele Christian,futebol
Kamara Hassane,futebol
Kristensen Thomas,futebol
Palma Matteo,futebol
Pérez Nehuen,futebol
Tikvic Antonio,futebol
Zemura Jordan,futebol
Asante Raymond Anokye,futebol
Lovric Sandi,futebol
Payero Martin,futebol
Pejicic David,futebol
Russo Diego,futebol
Samardzic Lazar,futebol
Xhavara Denis,futebol
Zarraga Oier,futebol
Zunec Bor,futebol
Brenner,futebol
Davis Keinan,futebol
Lucca Lorenzo,futebol
Pizarro Damian,futebol
Success Isaac,futebol
Thauvin Florian,futebol
Runjaic Kosta,futebol
Echenique Jaime,basketball
Atencia Hansel,basketball
Munoz Octavio,basketball
Pena Alvaro,basketball
Roque Romário,basketball
Almanza Luis,basketball
Cárdenas Juan,basketball
Ibarguen Andre,basketball
Jackson Michaell,basketball
Montano Hayner,basketball
Tello Juan,basketball
de Luque Soren,basketball
Moreno Rumie Guillermo,basketball
Delgado Ivan,basketball
Gutenkauf Philippe,basketball
Jack Christopher,basketball
Logelin Max,basketball
Grun Thomas,basketball
Kalmes Joe,basketball
Kovac Ben,basketball
Kreps Malcolm,basketball
Kuresevic Ivor,basketball
Laurent Alex,basketball
Rugg Clancy,basketball
Vujakovic Oliver,basketball
Diederich Ken,basketball
Defelippo Jose,basketball
Schattmann Leonel,basketball
Stenta Nicolas,basketball
Vildoza Jose,basketball
Barber Raven,basketball
Guerrero Juan Martin,basketball
Langston Wayne,basketball
Mainoldi Leonardo,basketball
Mata Marcos,basketball
Prome Tiziano,basketball
Rodríguez Carlos,basketball
Vega Sebastian,basketball
Perez Gonzalo,basketball
Alana,basketball
Caca,basketball
Karina,basketball
Lays,basketball
Duda,basketball
Iza,basketball
Kaw,basketball
Luana,basketball
Monteiro Raphaella,basketball
Sassá,basketball
Silva Poliana,basketball
Cristian Santander,basketball
Guidorizzi Bruno,basketball
Felicio Cristiano,basketball
Benite Vitor,basketball
Borges Alexey,basketball
Corazza Elio,basketball
De Paula Georginho,basketball
Huertas Marcelo,basketball
Neto Raulzinho,basketball
Yago,basketball
Caboclo Bruno,basketball
Cardoso Pereira João Marello,basketball
Dias Lucas,basketball
Louzada Marcos,basketball
Meindl Leonardo,basketball
Santos Gui,basketball
Petrovic Aleksandar,basketball
Bamba Mohamed,basketball
Embiid Joel,basketball
Council IV Ricky,basketball
Dowtin Jeff,basketball
Hield Buddy,basketball
Lowry Kyle,basketball
Maxey Tyrese,basketball
Melton De'Anthony,basketball
Payne Cameron,basketball
Smith Terquavion,basketball
Batum Nicolas,basketball
George Paul,basketball
Harris Tobias,basketball
House Danuel,basketball
Martin Jr. Kenyon,basketball
Oubre Jr. Kelly,basketball
Reed Paul,basketball
Brase Matt,basketball
Nurse Nick,basketball
Hernangomez Willy,basketball
Nnaji James,basketball
Vesely Jan,basketball
Abrines Alex,basketball
Brizuela Dario,basketball
Jakucionis Kasparas,basketball
Jokubaitis Rokas,basketball
Laprovittola Nicolas,basketball
Punter Kevin,basketball
Rubio Ricky,basketball
Sarr Elhadji Dame,basketball
Satoransky Tomas,basketball
Parker Jabari,basketball
Parra Joel,basketball
Penarroya Joan,basketball
Barnes Nathaniel,basketball
Bernardo Rocha,basketball
De Souza Michel,basketball
Pecos Arthur,basketball
Penteado Danilo,basketball
Verissimo Fabricio,basketball
Anderson Jr,basketball
Bonfim Custodio Matheus,basketball
Gabriel Novaes,basketball
Magna da Silva Guilherme,basketball
Silva Victor,basketball
Sommer Eduardo,basketball
Clodoaldo Leite Jece,basketball
Alexia,basketball
Aline Moura,basketball
Thai,basketball
de Souza Erika,basketball
Beatriz,basketball
Débora,basketball
Jaqueline,basketball
Maila,basketball
Tayna Silva,basketball
De Oliveira,basketball
Izabela,basketball
Jeanne,basketball
Julia,basketball
Krause,basketball
Raissa,basketball
Sosso,basketball
Vitória,basketball
Joao Camargo,basketball
Del Chiaro Angelo,basketball
Cemmi Leonardo,basketball
Della Rosa Gianluca,basketball
Ikumalo Ogbeide Derek,basketball
Metsla Tormi Joonatan,basketball
Moore Charlie,basketball
Saccaggi Lorenzo,basketball
Willis Payton,basketball
Hawkins Ryan,basketball
Stoch Federico,basketball
Varnado Jordon Milik,basketball
Wheatle Carl,basketball
Brienza Nicola,basketball
Alexei,basketball
Bernardo Nau,basketball
Cristhya,basketball
Klopel,basketball
Lucas Lima,basketball
Vinicius Gobor,basketball
Wes Russel,basketball
Alex Rodrigues,basketball
Emanuel Fernades,basketball
Fabrizio Fabrizzio,basketball
Leo Bispo,basketball
Mamedes,basketball
Manaus,basketball
Germano Vieira da Silva Andre,basketball
Bolomboy Joel,basketball
Plavsic Uros,basketball
Lazarevic Stefan,basketball
Miller-McIntyre Codi,basketball
Nedovic Nemanja,basketball
Teodosic Milos,basketball
Topic Nikola,basketball
Yago,basketball
Daum Mike,basketball
Davidovac Dejan,basketball
Giedraitis Rokas,basketball
Ilic Dalibor,basketball
Kalinic Nikola,basketball
Lazic Branko,basketball
Mitrovic Luka,basketball
Sfairopoulos Ioannis,basketball
Dime Malik,basketball
Garcia Charles,basketball
Lopez Jesus Thomaz,basketball
Robertin Legend,basketball
Romero Jhon,basketball
Fulda Carlos,basketball
Henriquez Adonys,basketball
Jackson Paul,basketball
Ruiz Hector,basketball
Vargas Gregory,basketball
Carrera Michael,basketball
Gonzalez Ruben,basketball
Lunar Miguel,basketball
Materan Jose,basketball
Pérez Anthony,basketball
Guillen Ronald,basketball
Fall Youssoupha,basketball
Lauvergne Joffrey,basketball
De Colo Nando,basketball
Jackson Edwin,basketball
Lee Paris,basketball
Lighty David,basketball
Yaacov Noah,basketball
Lombahe-Kahudi Charles,basketball
Ndiaye Mbaye,basketball
Scott Mike,basketball
Thomas DeShaun,basketball
Poupet Pierric,basketball
Adebayo Bam,basketball
Bryant Thomas,basketball
Jovic Nikola,basketball
Ware Kel'el,basketball
Butler Jimmy,basketball
Herro Tyler,basketball
Mills Patty,basketball
Pullin Zyon,basketball
Richardson Josh,basketball
Robinson Duncan,basketball
Rozier Terry,basketball
Stevens,basketball
Warren Bryson,basketball
Wright Delon,basketball
Butler Caron,basketball
Cain Jamal,basketball
Highsmith Haywood,basketball
Jaquez Jr. Jaime,basketball
Johnson Keshad,basketball
Love Kevin,basketball
Martin Caleb,basketball
Robinson Orlando,basketball
Swider Cole,basketball
Washington Warren,basketball
Bisaccio Dan,basketball
Spoelstra Erik,basketball
Diagne Ismaila,basketball
Tavares Walter,basketball
Campazzo Facundo,basketball
Feliz Andres,basketball
Llull Sergio,basketball
Abalde Alberto,basketball
Causeur Fabien,basketball
Deck Gabriel,basketball
Fernandez Rudy,basketball
González Hugo,basketball
Hezonja Mario,basketball
Musa Dzanan,basketball
Ndiaye Eli John,basketball
Yabusele Guerschon,basketball
Chus Mateo,basketball
Perisan Samuele,futebol
Seghetti Jacopo,futebol
Vertua Filippo,futebol
Cacace Liberato,futebol
Ebuehi Tyronne,futebol
Goglichidze Saba,futebol
Indragoli Gabriele,futebol
Ismajli Ardian,futebol
Luperto Sebastiano,futebol
Pezzella Giuseppe,futebol
Walukiewicz Sebastian,futebol
Fazzini Jacopo,futebol
Grassi Alberto,futebol
Zurkowski Szymon,futebol
Caputo Francesco,futebol
Destro Mattia,futebol
Gyasi Emmanuel,futebol
Shpendi Stiven,futebol
D'Aversa Roberto,futebol
Da Silva,basketball
Caicedo Mayra,basketball
Lua,basketball
Mayara,basketball
Brenda Barros,basketball
Bruna,basketball
Duda,basketball
Emily,basketball
Susu,basketball
Tatá,basketball
Thamara,basketball
Raphael Zaremba,basketball
Zanotti Simone,basketball
Denegri Davide,basketball
McCullough Wayne,basketball
Pecchia Andrea,basketball
Piccoli Matteo,basketball
Vecchiola Thomas,basketball
Adrian Nathan,basketball
Eboua Paul,basketball
Galli Filippo,basketball
Golden Grant,basketball
Zegarowski Marcus,basketball
Cavina Demis,basketball
Auseklis Henrijs,futebol
Iliev Velizar-Iliya,futebol
Radunovic Boris,futebol
Scuffet Simone,futebol
Augello Tommaso,futebol
Di Pardo Alessandro,futebol
Hatzidiakos Pantelis,futebol
Mina Yerry,futebol
Obert Adam,futebol
Wieteska Mateusz,futebol
Zappa Gabriele,futebol
Deiola Alessandro,futebol
Jankto Jakub,futebol
Makoumbou Antoine,futebol
Marcolini Diego,futebol
Prati Matteo,futebol
Sulemana Ibrahim,futebol
Dentello Azzi Paulo Daniel,futebol
Lapadula Gianluca,futebol
Luvumbo Zito,futebol
Mutandwa Kingstone,futebol
Pavoletti Leonardo,futebol
Vinciguerra Alessandro,futebol
Nicola Davide,futebol
Tessitori Amedeo,basketball
Casarin Davide,basketball
De Nicolao Andrea,basketball
Heidegger Max,basketball
O'Connell Alex,basketball
Parks Jordan,basketball
Spissu Marco,basketball
Brooks Jeff,basketball
Janelidze Giga,basketball
Kabengele Mfiondu,basketball
Simms Aamir,basketball
Tucker Rayjon,basketball
Wiltjer Kyle,basketball
Molin Emanuele,basketball
Spahija Neven,basketball
Smith Jaden,basketball
Tshiebwe Oscar,basketball
Turner Myles,basketball
Haliburton Tyrese,basketball
McConnell Timothy John,basketball
Nembhard Andrew,basketball
Sheppard Ben,basketball
Wong Isaiah,basketball
Brown Kendall,basketball
Jackson Isaiah,basketball
Johnson James,basketball
Mathurin Bennedict,basketball
McDermott Doug,basketball
Nesmith Aaron,basketball
Siakam Pascal,basketball
Toppin Obi,basketball
Walker Jarace,basketball
Carlisle Rick,basketball
Alexander Kyle,basketball
Angola Braian,basketball
Beni Gil,basketball
Brown J´Covan,basketball
Cummings Will,basketball
Ennis Tyler,basketball
Hannahs Dusty,basketball
Harel Eyal,basketball
Munford Xavier,basketball
Rabinowitz Yonatan,basketball
Timor Bar,basketball
Ginat Tomer,basketball
Hoard Jaylen,basketball
Miles Isaiah,basketball
Shterenberg Gal,basketball
Wells Dezmine,basketball
Zalmanson Idan,basketball
Dedas Stefanos,basketball
Franco Danny,basketball
Leali Nicola,futebol
Sommariva Daniele,futebol
Bani Mattia,futebol
De Winter Koni,futebol
Martin Aaron,futebol
Matturro Alan,futebol
Pittino Tommaso,futebol
Sabelli Stefano,futebol
Vasquez Johan,futebol
Vogliacco Alessandro,futebol
Zanoli Alessandro,futebol
Arboscello Riccardo,futebol
Badelj Milan,futebol
Bohinen Emil,futebol
Frendrup Morten,futebol
Malinovsky Ruslan,futebol
Papadopoulos Christos,futebol
Thorsby Morten,futebol
Ankeye David,futebol
Ekuban Caleb,futebol
Fini Seydou,futebol
Gudmundsson Albert,futebol
Retegui Mateo,futebol
Vitinha,futebol
Gilardino Alberto,futebol
Piombino Matteo,futebol
Semper Adrian,futebol
Vigorito Mauro,futebol
Barba Federico,futebol
Cassandro Tommaso,futebol
Curto Marco,futebol
Dossena Alberto,futebol
Goldaniga Edoardo,futebol
Ioannou Nikolas,futebol
Odenthal Cas,futebol
Ronco Diego,futebol
Sala Marco,futebol
Abildgaard Oliver,futebol
Ballet Samuel,futebol
Baselli Daniele,futebol
Bellemo Alessandro,futebol
Braunoder Matthias,futebol
Da Cunha Lucas,futebol
Iovine Alessio,futebol
Rispoli Fabio,futebol
Strefezza Gabriel,futebol
Belotti Andrea,futebol
Chajia Moutir,futebol
Cutrone Patrick,futebol
Fumagalli Tommaso,futebol
Gabrielloni Alessandro,futebol
Gioacchini Nicholas,futebol
Kone Ben Lhassine,futebol
Mustapha Suliman,futebol
Verdi Simone,futebol
Roberts Osian,futebol
Burrell Noah,basketball
Ducommun Dylan,basketball
Fofana Selim,basketball
Mbala Boris,basketball
Polite Anthony,basketball
Solca Yuri,basketball
Zinn Robert,basketball
Anabir Noe,basketball
Granvorka Yoan,basketball
Jurkovitz Natan,basketball
Martin Killian,basketball
Nzege Michel-Ofik,basketball
Zoccoletti Laurent,basketball
Papatheodorou Ilias,basketball
Fainke Elhadji Brehima,basketball
Mockevicius Egidijus,basketball
Tote Leonardo,basketball
Bluiett Trevon,basketball
Cinciarini Andrea,basketball
Stazzonelli Umberto,basketball
Tambone Matteo,basketball
Visconti Riccardo,basketball
Ford Quincy,basketball
Maretto Octavio,basketball
Mazzola Valerio,basketball
McDuffie Markis,basketball
Sacchetti Romeo,basketball
Diop Khalifa,basketball
Faye Seydina,basketball
Baldwin Kamar,basketball
Howard Markus,basketball
Luwawu-Cabarrot Timothe,basketball
Querejeta Joseba,basketball
Diez Daniel,basketball
Hrabar Vit,basketball
Moneke Chima,basketball
Raieste Sander,basketball
Rogkavopoulos Nikolaos,basketball
Sedekerskis Tadas,basketball
Ivanovic Dusko,basketball
Laso Pablo,basketball
Alcassa Augusto,basketball
Junior Ginaldo,basketball
Elvis Viana,basketball
Felipe Dalaqua,basketball
Martins João,basketball
Moultrie Jamir,basketball
Oliveira Jean,basketball
Valencia Sebastian,basketball
Danilo Sena,basketball
Everton Gomes,basketball
Lucas Sabino,basketball
Nicolas Cavero,basketball
Passos Hatila,basketball
Adriano Geraldes,basketball
